SubmissionDate,start,my_form_name,intronote,tec_name,registo_data,prov_id,dist_id,posto_id,assoc_id,parcel_id,parcel_id_check,ocup,ocup_outro,z_excl,part_excl,tipo_excl,conf,tipo_conf,desc_conf,use_cat,use_tipo,use_prin,use_other,demarcator,nome_demarcator,party_type,add_party_number,party_menor,Titulares_count,SET-OF-Titulares,searchtext_1,found_rep_menor,searchtext_2,found_rep_ent,Lg1-ent_nome,Lg1-ent_tipo,reg_party_yn,reg_newparty_number,Novas_pessoas_count,SET-OF-Novas_pessoas,testem_num,Testemunhas_count,SET-OF-Testemunhas,reg_party1_yn,reg_newparty1_number,Novas_pessoas1_count,SET-OF-Novas_pessoas1,auto_gps-Latitude,auto_gps-Longitude,auto_gps-Altitude,auto_gps-Accuracy,limites_yn,SET-OF-Pontos,endnote,recibo_image,end,meta-instanceID,meta-instanceName,KEY
12/10/2017 13:28,11/10/2017 08:25,Registo de parcelas - CDUATs,,Rito_Roaneque,11-Oct-17,P04,D0406,PA040601,AS040003,8851,8851,hera,,nao,,,nao,,,expl_fam,agric,agric,,prop,,sing,1,nao,1,uuid:b9a9cbdf-a759-4a7b-839a-6df6f22fe270/Titulares,,,,,,,sim,1,1,uuid:b9a9cbdf-a759-4a7b-839a-6df6f22fe270/Novas_pessoas,1,1,uuid:b9a9cbdf-a759-4a7b-839a-6df6f22fe270/Testemunhas,sim,1,1,uuid:b9a9cbdf-a759-4a7b-839a-6df6f22fe270/Novas_pessoas1,-15.939959,37.179393,483.6,1.8,sim,uuid:b9a9cbdf-a759-4a7b-839a-6df6f22fe270/Pontos,,media\1507716912530.jpg,11/10/2017 09:15,uuid:b9a9cbdf-a759-4a7b-839a-6df6f22fe270,parcelas_AS040003_008851,uuid:b9a9cbdf-a759-4a7b-839a-6df6f22fe270
12/10/2017 13:28,11/10/2017 10:08,Registo de parcelas - CDUATs,,Rito_Roaneque,11-Oct-17,P04,D0406,PA040601,AS040003,8852,8852,norms,,nao,,,nao,,,expl_fam,agric,agric,,prop,,sing,2,nao,2,uuid:22b70287-c0de-46ba-a0d2-bdde26f2c277/Titulares,,,,,,,sim,1,1,uuid:22b70287-c0de-46ba-a0d2-bdde26f2c277/Novas_pessoas,1,1,uuid:22b70287-c0de-46ba-a0d2-bdde26f2c277/Testemunhas,nao,,,,-15.936931,37.177181,475.9,1.8,sim,uuid:22b70287-c0de-46ba-a0d2-bdde26f2c277/Pontos,,media\1507723286557.jpg,11/10/2017 11:01,uuid:22b70287-c0de-46ba-a0d2-bdde26f2c277,parcelas_AS040003_008852,uuid:22b70287-c0de-46ba-a0d2-bdde26f2c277
12/10/2017 13:28,11/10/2017 11:19,Registo de parcelas - CDUATs,,Rito_Roaneque,11-Oct-17,P04,D0406,PA040601,AS040003,8853,8853,hera,,nao,,,nao,,,expl_fam,agric,agric,,prop,,sing,1,nao,1,uuid:96a4308a-1882-4e14-ba82-16a7be093a74/Titulares,,,,,,,sim,1,1,uuid:96a4308a-1882-4e14-ba82-16a7be093a74/Novas_pessoas,1,1,uuid:96a4308a-1882-4e14-ba82-16a7be093a74/Testemunhas,nao,,,,-15.932527,37.183169,492.2,1.8,sim,uuid:96a4308a-1882-4e14-ba82-16a7be093a74/Pontos,,media\1507728628880.jpg,11/10/2017 12:30,uuid:96a4308a-1882-4e14-ba82-16a7be093a74,parcelas_AS040003_008853,uuid:96a4308a-1882-4e14-ba82-16a7be093a74
12/10/2017 13:28,12/10/2017 06:26,Registo de parcelas - CDUATs,,Rito_Roaneque,12-Oct-17,P04,D0406,PA040601,AS040003,8854,8854,hera,,nao,,,nao,,,expl_fam,agric,agric,,prop,,sing,1,nao,1,uuid:1ffc86e0-5cae-4b4f-a7b6-a45ea6e58d57/Titulares,,,,,,,sim,1,1,uuid:1ffc86e0-5cae-4b4f-a7b6-a45ea6e58d57/Novas_pessoas,1,1,uuid:1ffc86e0-5cae-4b4f-a7b6-a45ea6e58d57/Testemunhas,nao,,,,-15.931505,37.182512,483.3,1.5,sim,uuid:1ffc86e0-5cae-4b4f-a7b6-a45ea6e58d57/Pontos,,media\1507795751725.jpg,12/10/2017 07:09,uuid:1ffc86e0-5cae-4b4f-a7b6-a45ea6e58d57,parcelas_AS040003_008854,uuid:1ffc86e0-5cae-4b4f-a7b6-a45ea6e58d57
12/10/2017 13:29,12/10/2017 07:15,Registo de parcelas - CDUATs,,Rito_Roaneque,12-Oct-17,P04,D0406,PA040601,AS040003,8855,8855,doa,,nao,,,nao,,,expl_fam,agric,agric,,prop,,sing,1,nao,1,uuid:2d856b74-0547-4c6b-85f3-a1db662f5c11/Titulares,,,,,,,nao,,,,1,1,uuid:2d856b74-0547-4c6b-85f3-a1db662f5c11/Testemunhas,nao,,,,-15.930944,37.181444,485.8,1.8,sim,uuid:2d856b74-0547-4c6b-85f3-a1db662f5c11/Pontos,,media\1507797375592.jpg,12/10/2017 07:36,uuid:2d856b74-0547-4c6b-85f3-a1db662f5c11,parcelas_AS040003_008855,uuid:2d856b74-0547-4c6b-85f3-a1db662f5c11
12/10/2017 13:29,12/10/2017 08:18,Registo de parcelas - CDUATs,,Rito_Roaneque,12-Oct-17,P04,D0406,PA040601,AS040003,8856,8856,boa,,nao,,,nao,,,expl_fam,agric,agric,,prop,,sing,1,nao,1,uuid:6fdbeddb-2fc9-4863-a049-3a7f84d20eb5/Titulares,,,,,,,nao,,,,1,1,uuid:6fdbeddb-2fc9-4863-a049-3a7f84d20eb5/Testemunhas,nao,,,,-15.941109,37.178031,470.7,1.5,sim,uuid:6fdbeddb-2fc9-4863-a049-3a7f84d20eb5/Pontos,,media\1507801670263.jpg,12/10/2017 08:47,uuid:6fdbeddb-2fc9-4863-a049-3a7f84d20eb5,parcelas_AS040003_008856,uuid:6fdbeddb-2fc9-4863-a049-3a7f84d20eb5
12/10/2017 13:29,12/10/2017 08:50,Registo de parcelas - CDUATs,,Rito_Roaneque,12-Oct-17,P04,D0406,PA040601,AS040003,8857,8857,hera,,nao,,,nao,,,expl_fam,agric,agric,,prop,,sing,2,nao,2,uuid:254cc8ae-8cd6-497a-954c-2d994565846c/Titulares,,,,,,,nao,,,,1,1,uuid:254cc8ae-8cd6-497a-954c-2d994565846c/Testemunhas,nao,,,,-15.939311,37.179142,482.8,1.5,nao,,,media\1507803400854.jpg,12/10/2017 09:16,uuid:254cc8ae-8cd6-497a-954c-2d994565846c,parcelas_AS040003_008857,uuid:254cc8ae-8cd6-497a-954c-2d994565846c
12/10/2017 13:29,12/10/2017 09:22,Registo de parcelas - CDUATs,,Rito_Roaneque,12-Oct-17,P04,D0406,PA040601,AS040003,8858,8858,hera,,nao,,,sim,lim,Falta de conhecimento dos limites,expl_fam,agric habit,agric,,prop,,sing,1,nao,1,uuid:74e4fbcf-d718-42ab-9667-df3c3f524302/Titulares,,,,,,,nao,,,,1,1,uuid:74e4fbcf-d718-42ab-9667-df3c3f524302/Testemunhas,nao,,,,-15.941533,37.177825,473.9,1.8,nao,,,media\1507804591226.jpg,12/10/2017 09:36,uuid:74e4fbcf-d718-42ab-9667-df3c3f524302,parcelas_AS040003_008858,uuid:74e4fbcf-d718-42ab-9667-df3c3f524302
12/10/2017 13:29,12/10/2017 11:26,Registo de parcelas - CDUATs,,Rito_Roaneque,12-Oct-17,P04,D0406,PA040601,AS040003,8859,8859,hera,,nao,,,nao,,,expl_fam,agric,habit,,prop,,sing,1,nao,1,uuid:12e1257d-64fc-4d67-b50c-351a9c23964a/Titulares,,,,,,,sim,1,1,uuid:12e1257d-64fc-4d67-b50c-351a9c23964a/Novas_pessoas,1,1,uuid:12e1257d-64fc-4d67-b50c-351a9c23964a/Testemunhas,nao,,,,-15.936203,37.183286,495.6,1.5,nao,,,media\1507812187721.jpg,12/10/2017 11:43,uuid:12e1257d-64fc-4d67-b50c-351a9c23964a,parcelas_AS040003_008859,uuid:12e1257d-64fc-4d67-b50c-351a9c23964a
12/10/2017 13:30,12/10/2017 11:43,Registo de parcelas - CDUATs,,Rito_Roaneque,12-Oct-17,P04,D0406,PA040601,AS040003,8860,8860,hera,,nao,,,nao,,,expl_fam,agric,agric,,prop,,sing,1,nao,1,uuid:0ab3934c-11b7-4465-9ffa-b13a2baa4c0a/Titulares,,,,,,,nao,,,,1,1,uuid:0ab3934c-11b7-4465-9ffa-b13a2baa4c0a/Testemunhas,nao,,,,-15.936153,37.182933,493.8,1.5,nao,,,media\1507812507186.jpg,12/10/2017 11:48,uuid:0ab3934c-11b7-4465-9ffa-b13a2baa4c0a,parcelas_AS040003_008860,uuid:0ab3934c-11b7-4465-9ffa-b13a2baa4c0a
12/10/2017 19:34,12/10/2017 05:38,Registo de parcelas - CDUATs,,Sama_Vicente,12-Oct-17,P04,D0406,PA040601,AS040003,8613,8613,hera,,nao,,,nao,,,expl_fam,agric habit,agric,,prop,,sing,2,sim,2,uuid:e06fac3b-405c-421d-b3d9-a63bbdb9b821/Titulares,F,party2455,,,,,sim,1,1,uuid:e06fac3b-405c-421d-b3d9-a63bbdb9b821/Novas_pessoas,2,2,uuid:e06fac3b-405c-421d-b3d9-a63bbdb9b821/Testemunhas,nao,,,,-15.953468,37.165997,494.3,1.5,nao,,,media\1507791822401.jpg,12/10/2017 07:40,uuid:e06fac3b-405c-421d-b3d9-a63bbdb9b821,parcelas_AS040003_008613,uuid:e06fac3b-405c-421d-b3d9-a63bbdb9b821
12/10/2017 19:35,12/10/2017 06:04,Registo de parcelas - CDUATs,,Sama_Vicente,12-Oct-17,P04,D0406,PA040601,AS040003,8614,8614,hera,,nao,,,nao,,,expl_fam,agric habit,agric,,prop,,sing,1,nao,1,uuid:3fc1cd9d-70b1-4bc8-a422-d42272298daf/Titulares,,,,,,,nao,,,,2,2,uuid:3fc1cd9d-70b1-4bc8-a422-d42272298daf/Testemunhas,nao,,,,-15.953193,37.166291,496.3,1.5,nao,,,media\1507792488694.jpg,12/10/2017 06:14,uuid:3fc1cd9d-70b1-4bc8-a422-d42272298daf,parcelas_AS040003_008614,uuid:3fc1cd9d-70b1-4bc8-a422-d42272298daf
12/10/2017 19:35,12/10/2017 06:15,Registo de parcelas - CDUATs,,Sama_Vicente,12-Oct-17,P04,D0406,PA040601,AS040003,8615,8615,hera,,nao,,,nao,,,expl_fam,agric habit,agric,,prop,,sing,2,nao,2,uuid:8a5dffb8-adde-4c3e-8362-11fd25a871da/Titulares,,,,,,,nao,,,,2,2,uuid:8a5dffb8-adde-4c3e-8362-11fd25a871da/Testemunhas,nao,,,,-15.954282,37.165814,492,1.5,sim,uuid:8a5dffb8-adde-4c3e-8362-11fd25a871da/Pontos,,media\1507794615339.jpg,12/10/2017 06:50,uuid:8a5dffb8-adde-4c3e-8362-11fd25a871da,parcelas_AS040003_008615,uuid:8a5dffb8-adde-4c3e-8362-11fd25a871da
12/10/2017 19:35,12/10/2017 06:56,Registo de parcelas - CDUATs,,Sama_Vicente,12-Oct-17,P04,D0406,PA040601,AS040003,8616,8616,boa,,nao,,,nao,,,expl_fam,agric,agric,,prop,,sing,1,nao,1,uuid:b40fe3ff-4d76-40eb-9726-5e68e77b9cb7/Titulares,,,,,,,nao,,,,2,2,uuid:b40fe3ff-4d76-40eb-9726-5e68e77b9cb7/Testemunhas,nao,,,,-15.955885,37.168019,494.6,1.8,nao,,,media\1507795412971.jpg,12/10/2017 07:03,uuid:b40fe3ff-4d76-40eb-9726-5e68e77b9cb7,parcelas_AS040003_008616,uuid:b40fe3ff-4d76-40eb-9726-5e68e77b9cb7
12/10/2017 19:35,12/10/2017 07:07,Registo de parcelas - CDUATs,,Sama_Vicente,12-Oct-17,P04,D0406,PA040601,AS040003,8617,8617,hera,,nao,,,nao,,,expl_fam,agric habit,agric,,prop,,sing,2,nao,2,uuid:5eaea942-4de5-4162-a979-81eb3efd0cb5/Titulares,,,,,,,nao,,,,2,2,uuid:5eaea942-4de5-4162-a979-81eb3efd0cb5/Testemunhas,nao,,,,-15.954068,37.166409,489.5,1.8,nao,,,media\1507796449528.jpg,12/10/2017 07:20,uuid:5eaea942-4de5-4162-a979-81eb3efd0cb5,parcelas_AS040003_008617,uuid:5eaea942-4de5-4162-a979-81eb3efd0cb5
12/10/2017 19:35,12/10/2017 07:40,Registo de parcelas - CDUATs,,Sama_Vicente,12-Oct-17,P04,D0406,PA040601,AS040003,8618,8618,hera,,nao,,,nao,,,expl_fam,agric habit,agric,,prop,,sing,1,nao,1,uuid:78358bae-2984-440b-9f16-9db404d597d8/Titulares,,,,,,,nao,,,,2,2,uuid:78358bae-2984-440b-9f16-9db404d597d8/Testemunhas,nao,,,,-15.953767,37.1647,498,1.5,nao,,,media\1507798304444.jpg,12/10/2017 07:51,uuid:78358bae-2984-440b-9f16-9db404d597d8,parcelas_AS040003_008618,uuid:78358bae-2984-440b-9f16-9db404d597d8
12/10/2017 19:35,12/10/2017 07:55,Registo de parcelas - CDUATs,,Sama_Vicente,12-Oct-17,P04,D0406,PA040601,AS040003,8619,8619,doa,,nao,,,nao,,,expl_fam,agric,agric,,prop,,sing,1,nao,1,uuid:97eb6ea9-70cf-4fec-a6bf-42cf1392b670/Titulares,,,,,,,nao,,,,2,2,uuid:97eb6ea9-70cf-4fec-a6bf-42cf1392b670/Testemunhas,nao,,,,-15.953046,37.163581,502.7,1.5,nao,,,media\1507798861147.jpg,12/10/2017 08:01,uuid:97eb6ea9-70cf-4fec-a6bf-42cf1392b670,parcelas_AS040003_008619,uuid:97eb6ea9-70cf-4fec-a6bf-42cf1392b670
12/10/2017 19:35,12/10/2017 08:05,Registo de parcelas - CDUATs,,Sama_Vicente,12-Oct-17,P04,D0406,PA040601,AS040003,8620,8620,hera,,nao,,,nao,,,expl_fam,agric,agric,,prop,,sing,1,nao,1,uuid:c38f481f-343b-40c1-83a2-9564a16d6ac4/Titulares,,,,,,,nao,,,,2,2,uuid:c38f481f-343b-40c1-83a2-9564a16d6ac4/Testemunhas,nao,,,,-15.95266,37.165309,492.6,1.8,nao,,,media\1507800496825.jpg,12/10/2017 08:28,uuid:c38f481f-343b-40c1-83a2-9564a16d6ac4,parcelas_AS040003_008620,uuid:c38f481f-343b-40c1-83a2-9564a16d6ac4
13/10/2017 16:41,13/10/2017 08:15,Registo de parcelas - CDUATs,,Rito_Roaneque,13-Oct-17,P04,D0406,PA040601,AS040003,8862,8862,hera,,nao,,,nao,,,expl_fam,agric,agric,,prop,,sing,1,nao,1,uuid:db3f5b2b-503b-4ad9-9695-3a9588b8d299/Titulares,,,,,,,nao,,,,1,1,uuid:db3f5b2b-503b-4ad9-9695-3a9588b8d299/Testemunhas,nao,,,,-15.930314,37.185996,495.5,1.8,nao,,,media\1507887500617.jpg,13/10/2017 16:40,uuid:db3f5b2b-503b-4ad9-9695-3a9588b8d299,parcelas_AS040003_008862,uuid:db3f5b2b-503b-4ad9-9695-3a9588b8d299
13/10/2017 16:41,13/10/2017 08:41,Registo de parcelas - CDUATs,,Rito_Roaneque,13-Oct-17,P04,D0406,PA040601,AS040003,8861,8861,hera,,nao,,,nao,,,expl_fam,agric habit,agric,,prop,,sing,1,nao,1,uuid:fc37c32e-26bd-4f1e-bf46-4592f86dccad/Titulares,,,,,,,nao,,,,1,1,uuid:fc37c32e-26bd-4f1e-bf46-4592f86dccad/Testemunhas,nao,,,,-15.928371,37.186546,488.2,1.5,nao,,,media\1507887910847.jpg,13/10/2017 16:38,uuid:fc37c32e-26bd-4f1e-bf46-4592f86dccad,parcelas_AS040003_008861,uuid:fc37c32e-26bd-4f1e-bf46-4592f86dccad
13/10/2017 16:41,13/10/2017 09:46,Registo de parcelas - CDUATs,,Rito_Roaneque,13-Oct-17,P04,D0406,PA040601,AS040003,8863,8863,hera,,nao,,,sim,lim,HÃ¡ problemas do conhecimento dos limites,expl_fam,agric habit,agric,,prop,,sing,1,nao,1,uuid:3590ddb0-ec7f-408f-93ab-585313f802c3/Titulares,,,,,,,nao,,,,1,1,uuid:3590ddb0-ec7f-408f-93ab-585313f802c3/Testemunhas,nao,,,,-15.928143,37.187349,484.7,1.8,nao,,,media\1507891836556.jpg,13/10/2017 09:50,uuid:3590ddb0-ec7f-408f-93ab-585313f802c3,parcelas_AS040003_008863,uuid:3590ddb0-ec7f-408f-93ab-585313f802c3
13/10/2017 16:41,13/10/2017 10:01,Registo de parcelas - CDUATs,,Rito_Roaneque,13-Oct-17,P04,D0406,PA040601,AS040003,8864,8864,norms,,nao,,,nao,,,expl_fam,agric habit,agric,,prop,,sing,1,nao,1,uuid:f55d0737-e187-4658-b224-126457edca8f/Titulares,,,,,,,nao,,,,1,1,uuid:f55d0737-e187-4658-b224-126457edca8f/Testemunhas,nao,,,,-15.926567,37.186839,476.9,1.8,nao,,,media\1507892636710.jpg,13/10/2017 10:04,uuid:f55d0737-e187-4658-b224-126457edca8f,parcelas_AS040003_008864,uuid:f55d0737-e187-4658-b224-126457edca8f
13/10/2017 16:41,13/10/2017 10:21,Registo de parcelas - CDUATs,,Rito_Roaneque,13-Oct-17,P04,D0406,PA040601,AS040003,8865,8865,hera,,nao,,,nao,,,expl_fam,agric habit,agric,,prop,,sing,1,nao,1,uuid:5f25a717-1dbe-4b3b-bd26-86a90042f89a/Titulares,,,,,,,nao,,,,1,1,uuid:5f25a717-1dbe-4b3b-bd26-86a90042f89a/Testemunhas,nao,,,,-15.928823,37.190946,492.1,1.8,nao,,,media\1507893929336.jpg,13/10/2017 10:26,uuid:5f25a717-1dbe-4b3b-bd26-86a90042f89a,parcelas_AS040003_008865,uuid:5f25a717-1dbe-4b3b-bd26-86a90042f89a
13/10/2017 16:41,13/10/2017 10:34,Registo de parcelas - CDUATs,,Rito_Roaneque,13-Oct-17,P04,D0406,PA040601,AS040003,8866,8866,hera,,nao,,,nao,,,expl_fam,agric habit,agric,,prop,,sing,1,nao,1,uuid:700f9915-f16e-4e91-9172-fa372c2e5a61/Titulares,,,,,,,nao,,,,1,1,uuid:700f9915-f16e-4e91-9172-fa372c2e5a61/Testemunhas,nao,,,,-15.932436,37.191784,482.9,1.8,nao,,,media\1507895088310.jpg,13/10/2017 10:53,uuid:700f9915-f16e-4e91-9172-fa372c2e5a61,parcelas_AS040003_008866,uuid:700f9915-f16e-4e91-9172-fa372c2e5a61
13/10/2017 16:41,13/10/2017 10:54,Registo de parcelas - CDUATs,,Rito_Roaneque,13-Oct-17,P04,D0406,PA040601,AS040003,8867,8867,hera,,nao,,,nao,,,expl_fam,agric habit,agric,,prop,,sing,1,nao,1,uuid:36904608-c70b-41de-bf0f-4ebf8b22b4f1/Titulares,,,,,,,nao,,,,1,1,uuid:36904608-c70b-41de-bf0f-4ebf8b22b4f1/Testemunhas,nao,,,,-15.932214,37.190286,486.2,1.8,nao,,,media\1507896111064.jpg,13/10/2017 11:01,uuid:36904608-c70b-41de-bf0f-4ebf8b22b4f1,parcelas_AS040003_008867,uuid:36904608-c70b-41de-bf0f-4ebf8b22b4f1
13/10/2017 20:31,13/10/2017 06:41,Registo de parcelas - CDUATs,,Sama_Vicente,13-Oct-17,P04,D0406,PA040601,AS040003,8621,8621,hera,,nao,,,nao,,,expl_fam,agric,agric,,prop,,sing,1,nao,1,uuid:1a4bc1fb-6325-4b40-835a-a36ed68dd33f/Titulares,,,,,,,nao,,,,2,2,uuid:1a4bc1fb-6325-4b40-835a-a36ed68dd33f/Testemunhas,nao,,,,-15.953931,37.168584,498,1.8,nao,,,media\1507880990018.jpg,13/10/2017 07:16,uuid:1a4bc1fb-6325-4b40-835a-a36ed68dd33f,parcelas_AS040003_008621,uuid:1a4bc1fb-6325-4b40-835a-a36ed68dd33f
13/10/2017 20:31,13/10/2017 06:56,Registo de parcelas - CDUATs,,Sama_Vicente,13-Oct-17,P04,D0406,PA040601,AS040003,8623,8623,hera,,nao,,,nao,,,expl_fam,agric,agric,,prop,,sing,1,nao,1,uuid:d2d38e5a-253c-453d-9a63-ea747381d0de/Titulares,,,,,,,nao,,,,2,2,uuid:d2d38e5a-253c-453d-9a63-ea747381d0de/Testemunhas,nao,,,,-15.953293,37.168752,497.8,1.8,nao,,,media\1507882544934.jpg,13/10/2017 07:15,uuid:d2d38e5a-253c-453d-9a63-ea747381d0de,parcelas_AS040003_008623,uuid:d2d38e5a-253c-453d-9a63-ea747381d0de
13/10/2017 20:31,13/10/2017 08:12,Registo de parcelas - CDUATs,,Sama_Vicente,13-Oct-17,P04,D0406,PA040601,AS040003,8625,8625,hera,,nao,,,nao,,,expl_fam,agric,agric,,prop,,sing,1,nao,1,uuid:cad6ff07-1d8c-483c-be42-4c5b84bef799/Titulares,,,,,,,nao,,,,2,2,uuid:cad6ff07-1d8c-483c-be42-4c5b84bef799/Testemunhas,nao,,,,-15.955909,37.168392,490.6,1.8,nao,,,media\1507886425410.jpg,13/10/2017 08:32,uuid:cad6ff07-1d8c-483c-be42-4c5b84bef799,parcelas_AS040003_008625,uuid:cad6ff07-1d8c-483c-be42-4c5b84bef799
13/10/2017 20:31,13/10/2017 09:11,Registo de parcelas - CDUATs,,Sama_Vicente,13-Oct-17,P04,D0406,PA040601,AS040003,8626,8626,hera,,nao,,,nao,,,expl_fam,agric,agric,,prop,,sing,1,nao,1,uuid:bce90ff8-0779-4c07-96d6-f0a77b0afc8a/Titulares,,,,,,,nao,,,,2,2,uuid:bce90ff8-0779-4c07-96d6-f0a77b0afc8a/Testemunhas,nao,,,,-15.951526,37.165827,489.9,1.5,nao,,,media\1507890393716.jpg,13/10/2017 09:26,uuid:bce90ff8-0779-4c07-96d6-f0a77b0afc8a,parcelas_AS040003_008626,uuid:bce90ff8-0779-4c07-96d6-f0a77b0afc8a
14/10/2017 04:34,13/10/2017 06:34,Registo de parcelas - CDUATs,,Eugenio_Sabonete,13-Oct-17,P04,D0406,PA040601,AS040003,8622,8622,hera,,nao,,,nao,,,expl_fam,agric,agric,,prop,,sing,1,nao,1,uuid:39bc0734-4e44-485c-b239-418f81781df4/Titulares,,,,,,,sim,1,1,uuid:39bc0734-4e44-485c-b239-418f81781df4/Novas_pessoas,2,2,uuid:39bc0734-4e44-485c-b239-418f81781df4/Testemunhas,nao,,,,-15.953479,37.168671,414.3,1.8,sim,uuid:39bc0734-4e44-485c-b239-418f81781df4/Pontos,,media\1507881860751.jpg,13/10/2017 07:05,uuid:39bc0734-4e44-485c-b239-418f81781df4,parcelas_AS040003_008622,uuid:39bc0734-4e44-485c-b239-418f81781df4
17/10/2017 16:40,13/10/2017 07:41,Registo de parcelas - CDUATs,,Eugenio_Sabonete,13-Oct-17,P04,D0406,PA040601,AS040003,8624,8624,hera,,nao,,,nao,,,expl_fam,agric habit,agric,,prop,,sing,3,nao,3,uuid:e8ca50ea-4493-4347-a17d-73e220285304/Titulares,,,,,,,sim,1,1,uuid:e8ca50ea-4493-4347-a17d-73e220285304/Novas_pessoas,2,2,uuid:e8ca50ea-4493-4347-a17d-73e220285304/Testemunhas,nao,,,,-15.951434,37.170587,414.3,1.8,nao,,,media\1507885201095.jpg,13/10/2017 08:00,uuid:e8ca50ea-4493-4347-a17d-73e220285304,parcelas_AS040003_008624,uuid:e8ca50ea-4493-4347-a17d-73e220285304
17/10/2017 16:40,17/10/2017 05:25,Registo de parcelas - CDUATs,,Eugenio_Sabonete,17-Oct-17,P04,D0406,PA040601,AS040003,8627,8627,hera,,nao,,,nao,,,expl_fam,agric habit,agric,,prop,,sing,2,nao,2,uuid:71ca668c-575f-40dc-a541-5c324e7a7167/Titulares,,,,,,,nao,,,,2,2,uuid:71ca668c-575f-40dc-a541-5c324e7a7167/Testemunhas,nao,,,,-15.951056,37.178508,414.3,1.8,sim,uuid:71ca668c-575f-40dc-a541-5c324e7a7167/Pontos,,media\1508223220676.jpg,17/10/2017 05:53,uuid:71ca668c-575f-40dc-a541-5c324e7a7167,parcelas_AS040003_008627,uuid:71ca668c-575f-40dc-a541-5c324e7a7167
17/10/2017 16:40,17/10/2017 06:09,Registo de parcelas - CDUATs,,Eugenio_Sabonete,17-Oct-17,P04,D0406,PA040601,AS040003,8628,8628,hera,,nao,,,nao,,,expl_fam,agric,agric,,prop,,sing,1,nao,1,uuid:970c84e8-5e92-4e6c-bf99-847b1ab62c5d/Titulares,,,,,,,nao,,,,1,1,uuid:970c84e8-5e92-4e6c-bf99-847b1ab62c5d/Testemunhas,sim,1,1,uuid:970c84e8-5e92-4e6c-bf99-847b1ab62c5d/Novas_pessoas1,-15.954335,37.180069,414.3,1.8,nao,,,media\1508225083107.jpg,17/10/2017 06:24,uuid:970c84e8-5e92-4e6c-bf99-847b1ab62c5d,parcelas_AS040003_008628,uuid:970c84e8-5e92-4e6c-bf99-847b1ab62c5d
17/10/2017 16:40,17/10/2017 06:25,Registo de parcelas - CDUATs,,Eugenio_Sabonete,17-Oct-17,P04,D0406,PA040601,AS040003,8630,8630,hera,,nao,,,nao,,,expl_fam,agric,agric,,prop,,sing,1,nao,1,uuid:6832844e-bb4d-4efc-9f9c-f80bbf8dda25/Titulares,,,,,,,sim,1,1,uuid:6832844e-bb4d-4efc-9f9c-f80bbf8dda25/Novas_pessoas,1,1,uuid:6832844e-bb4d-4efc-9f9c-f80bbf8dda25/Testemunhas,nao,,,,-15.955496,37.181473,414.3,1.8,nao,,,media\1508226243975.jpg,17/10/2017 06:44,uuid:6832844e-bb4d-4efc-9f9c-f80bbf8dda25,parcelas_AS040003_008630,uuid:6832844e-bb4d-4efc-9f9c-f80bbf8dda25
17/10/2017 16:47,17/10/2017 08:09,Registo de parcelas - CDUATs,,Eugenio_Sabonete,17-Oct-17,P04,D0406,PA040601,AS040003,8632,8632,hera,,nao,,,nao,,,expl_fam,agric habit,agric,,prop,,sing,1,nao,1,uuid:a26518a0-73a1-45d8-a2e0-455afa8a09cb/Titulares,,,,,,,sim,1,1,uuid:a26518a0-73a1-45d8-a2e0-455afa8a09cb/Novas_pessoas,2,2,uuid:a26518a0-73a1-45d8-a2e0-455afa8a09cb/Testemunhas,sim,1,1,uuid:a26518a0-73a1-45d8-a2e0-455afa8a09cb/Novas_pessoas1,-15.950329,37.177766,414.3,1.8,nao,,,media\1508232725937.jpg,17/10/2017 08:36,uuid:a26518a0-73a1-45d8-a2e0-455afa8a09cb,parcelas_AS040003_008632,uuid:a26518a0-73a1-45d8-a2e0-455afa8a09cb
17/10/2017 21:27,17/10/2017 06:19,Registo de parcelas - CDUATs,,Sama_Vicente,17-Oct-17,P04,D0406,PA040601,AS040003,8629,8629,hera,,nao,,,nao,,,expl_fam,agric,agric,,prop,,sing,1,nao,1,uuid:82047979-203a-41a1-8134-d470ac2420d1/Titulares,,,,,,,sim,1,1,uuid:82047979-203a-41a1-8134-d470ac2420d1/Novas_pessoas,2,2,uuid:82047979-203a-41a1-8134-d470ac2420d1/Testemunhas,nao,,,,-15.954488,37.179866,459.2,1.5,nao,,,media\1508225368531.jpg,17/10/2017 06:29,uuid:82047979-203a-41a1-8134-d470ac2420d1,parcelas_AS040003_008629,uuid:82047979-203a-41a1-8134-d470ac2420d1
17/10/2017 21:27,17/10/2017 08:05,Registo de parcelas - CDUATs,,Sama_Vicente,17-Oct-17,P04,D0406,PA040601,AS040003,8631,8631,hera,,nao,,,nao,,,expl_fam,agric habit,agric,,prop,,sing,1,nao,1,uuid:0de1d7ed-a068-4507-bfcc-95ff19269fc8/Titulares,,,,,,,nao,,,,2,2,uuid:0de1d7ed-a068-4507-bfcc-95ff19269fc8/Testemunhas,sim,1,1,uuid:0de1d7ed-a068-4507-bfcc-95ff19269fc8/Novas_pessoas1,-15.95075,37.176764,482.8,1.5,nao,,,media\1508231754540.jpg,17/10/2017 08:16,uuid:0de1d7ed-a068-4507-bfcc-95ff19269fc8,parcelas_AS040003_008631,uuid:0de1d7ed-a068-4507-bfcc-95ff19269fc8
17/10/2017 21:27,17/10/2017 08:16,Registo de parcelas - CDUATs,,Sama_Vicente,17-Oct-17,P04,D0406,PA040601,AS040003,8633,8633,hera,,nao,,,nao,,,expl_fam,agric habit,agric,,prop,,sing,1,nao,1,uuid:34936575-d08a-44ac-a8dd-9981d451b19f/Titulares,,,,,,,sim,1,1,uuid:34936575-d08a-44ac-a8dd-9981d451b19f/Novas_pessoas,2,2,uuid:34936575-d08a-44ac-a8dd-9981d451b19f/Testemunhas,sim,1,1,uuid:34936575-d08a-44ac-a8dd-9981d451b19f/Novas_pessoas1,-15.949972,37.17668,480.7,1.8,nao,,,media\1508232762147.jpg,17/10/2017 08:32,uuid:34936575-d08a-44ac-a8dd-9981d451b19f,parcelas_AS040003_008633,uuid:34936575-d08a-44ac-a8dd-9981d451b19f
17/10/2017 21:27,17/10/2017 10:12,Registo de parcelas - CDUATs,,Sama_Vicente,17-Oct-17,P04,D0406,PA040601,AS040003,8634,8634,hera,,nao,,,nao,,,expl_fam,agric habit,agric,,prop,,sing,1,nao,1,uuid:0e19c2c2-fdd4-4f8b-a5cd-80cffc21a6f1/Titulares,,,,,,,nao,,,,2,2,uuid:0e19c2c2-fdd4-4f8b-a5cd-80cffc21a6f1/Testemunhas,nao,,,,-15.949404,37.174609,495.8,1.5,nao,,,media\1508239346294.jpg,17/10/2017 10:22,uuid:0e19c2c2-fdd4-4f8b-a5cd-80cffc21a6f1,parcelas_AS040003_008634,uuid:0e19c2c2-fdd4-4f8b-a5cd-80cffc21a6f1
17/10/2017 21:27,17/10/2017 10:22,Registo de parcelas - CDUATs,,Sama_Vicente,17-Oct-17,P04,D0406,PA040601,AS040003,8635,8635,boa,,nao,,,nao,,,outro,fins_comun,fins_comun,,prop,,entidade,1,nao,1,,,,E,party2729,Escola primaria do primeiro grau e segundo grau de nhoela,escola,nao,,,,2,2,uuid:23f850e9-aa43-4dfc-9df4-0be958cc76ae/Testemunhas,nao,,,,-15.948877,37.175296,495.3,1.5,sim,uuid:23f850e9-aa43-4dfc-9df4-0be958cc76ae/Pontos,,media\1508240652220.jpg,17/10/2017 17:54,uuid:23f850e9-aa43-4dfc-9df4-0be958cc76ae,parcelas_AS040003_008635,uuid:23f850e9-aa43-4dfc-9df4-0be958cc76ae
17/10/2017 21:27,17/10/2017 10:44,Registo de parcelas - CDUATs,,Sama_Vicente,17-Oct-17,P04,D0406,PA040601,AS040003,8636,8636,boa,,nao,,,nao,,,outro,fins_comun,fins_comun,,prop,,entidade,1,nao,1,,,,E,party2729,EPC do primeiro grau e segundo de nhoela,escola,nao,,,,2,2,uuid:677a6a5d-df4c-4e46-8c45-fecdfad0b328/Testemunhas,nao,,,,-15.948429,37.175273,491.9,1.8,sim,uuid:677a6a5d-df4c-4e46-8c45-fecdfad0b328/Pontos,,media\1508242510849.jpg,17/10/2017 17:55,uuid:677a6a5d-df4c-4e46-8c45-fecdfad0b328,parcelas_AS040003_008636,uuid:677a6a5d-df4c-4e46-8c45-fecdfad0b328
17/10/2017 21:27,17/10/2017 11:23,Registo de parcelas - CDUATs,,Sama_Vicente,17-Oct-17,P04,D0406,PA040601,AS040003,8637,8637,boa,,nao,,,nao,,,outro,outro,outro,Sede do partido FRELIMO,prop,,entidade,1,nao,1,,,,S,party2732,Sede do napara do partido FRELIMO,empresa,nao,,,,2,2,uuid:265b5ab3-29db-4e1c-835b-9e88e37d3dff/Testemunhas,nao,,,,-15.948189,37.176897,493.2,1.8,nao,,,media\1508243440318.jpg,17/10/2017 11:30,uuid:265b5ab3-29db-4e1c-835b-9e88e37d3dff,parcelas_AS040003_008637,uuid:265b5ab3-29db-4e1c-835b-9e88e37d3dff
18/10/2017 08:23,17/10/2017 05:45,Registo de parcelas - CDUATs,,Rito_Roaneque,17-Oct-17,P04,D0406,PA040601,AS040003,8870,8870,hera,,nao,,,nao,,,expl_fam,agric,agric,,prop,,sing,1,nao,1,uuid:c2f381c9-116e-4b0b-adde-33f6984e8d0f/Titulares,,,,,,,sim,1,1,uuid:c2f381c9-116e-4b0b-adde-33f6984e8d0f/Novas_pessoas,1,1,uuid:c2f381c9-116e-4b0b-adde-33f6984e8d0f/Testemunhas,nao,,,,-15.933659,37.175925,473.3,1.8,nao,,,media\1508229369519.jpg,17/10/2017 07:36,uuid:c2f381c9-116e-4b0b-adde-33f6984e8d0f,parcelas_AS040003_008870,uuid:c2f381c9-116e-4b0b-adde-33f6984e8d0f
18/10/2017 08:24,17/10/2017 05:50,Registo de parcelas - CDUATs,,Rito_Roaneque,17-Oct-17,P04,D0406,PA040601,AS040003,8869,8869,hera,,nao,,,nao,,,expl_fam,agric,agric,,prop,,sing,1,nao,1,uuid:a5a5b855-895f-4aff-b422-96858ca5b6ea/Titulares,,,,,,,nao,,,uuid:a5a5b855-895f-4aff-b422-96858ca5b6ea/Novas_pessoas,1,1,uuid:a5a5b855-895f-4aff-b422-96858ca5b6ea/Testemunhas,nao,,,,-15.932436,37.178506,484.1,1.8,nao,,,media\1508228843670.jpg,17/10/2017 07:27,uuid:a5a5b855-895f-4aff-b422-96858ca5b6ea,parcelas_AS040003_008869,uuid:a5a5b855-895f-4aff-b422-96858ca5b6ea
18/10/2017 08:24,17/10/2017 06:09,Registo de parcelas - CDUATs,,Rito_Roaneque,17-Oct-17,P04,D0406,PA040601,AS040003,8873,8873,hera,,nao,,,nao,,,expl_fam,agric,agric,,prop,,sing,1,nao,1,uuid:6d36c1fd-c5be-4912-9fa0-d464f3e63484/Titulares,,,,,,,sim,1,1,uuid:6d36c1fd-c5be-4912-9fa0-d464f3e63484/Novas_pessoas,1,1,uuid:6d36c1fd-c5be-4912-9fa0-d464f3e63484/Testemunhas,nao,,,,-15.933384,37.17836,486.7,1.8,nao,,,media\1508224773180.jpg,17/10/2017 06:19,uuid:6d36c1fd-c5be-4912-9fa0-d464f3e63484,parcelas_AS040003_008873,uuid:6d36c1fd-c5be-4912-9fa0-d464f3e63484
18/10/2017 08:24,17/10/2017 06:24,Registo de parcelas - CDUATs,,Rito_Roaneque,17-Oct-17,P04,D0406,PA040601,AS040003,8868,8868,hera,,nao,,,nao,,,expl_fam,agric habit,agric,,prop,,sing,1,nao,1,uuid:a6c3c402-efb8-4c8a-a0ec-9b28fd16105a/Titulares,,,,,,,nao,,,,1,1,uuid:a6c3c402-efb8-4c8a-a0ec-9b28fd16105a/Testemunhas,nao,,,,-15.934186,37.176117,470.3,1.8,nao,,,media\1508225238472.jpg,17/10/2017 06:27,uuid:a6c3c402-efb8-4c8a-a0ec-9b28fd16105a,parcelas_AS040003_008868,uuid:a6c3c402-efb8-4c8a-a0ec-9b28fd16105a
18/10/2017 08:25,17/10/2017 08:13,Registo de parcelas - CDUATs,,Rito_Roaneque,17-Oct-17,P04,D0406,PA040601,AS040003,8875,8875,hera,,nao,,,nao,,,expl_fam,agric,agric,,prop,,sing,1,nao,1,uuid:744aafc0-adeb-4c91-9f77-c4ce6757304c/Titulares,,,,,,,sim,1,1,uuid:744aafc0-adeb-4c91-9f77-c4ce6757304c/Novas_pessoas,1,1,uuid:744aafc0-adeb-4c91-9f77-c4ce6757304c/Testemunhas,nao,,,,-15.935919,37.175932,461.7,1.8,nao,,,media\1508232944602.jpg,17/10/2017 08:35,uuid:744aafc0-adeb-4c91-9f77-c4ce6757304c,parcelas_AS040003_008875,uuid:744aafc0-adeb-4c91-9f77-c4ce6757304c
18/10/2017 08:25,17/10/2017 08:36,Registo de parcelas - CDUATs,,Rito_Roaneque,17-Oct-17,P04,D0406,PA040601,AS040003,8876,8876,hera,,nao,,,nao,,,expl_fam,agric habit,agric,,prop,,sing,1,nao,1,uuid:7e01603e-33f2-4ea6-a3f9-e13791b49009/Titulares,,,,,,,nao,,,,1,1,uuid:7e01603e-33f2-4ea6-a3f9-e13791b49009/Testemunhas,nao,,,,-15.934891,37.176908,467.4,1.5,nao,,,media\1508233576431.jpg,17/10/2017 08:46,uuid:7e01603e-33f2-4ea6-a3f9-e13791b49009,parcelas_AS040003_008876,uuid:7e01603e-33f2-4ea6-a3f9-e13791b49009
18/10/2017 08:26,17/10/2017 10:05,Registo de parcelas - CDUATs,,Rito_Roaneque,17-Oct-17,P04,D0406,PA040601,AS040003,8871,8871,hera,,nao,,,nao,,,expl_fam,agric habit,agric,,prop,,sing,1,nao,1,uuid:0bf272e7-5a08-4a67-a533-22fa58bee56d/Titulares,,,,,,,nao,,,,1,1,uuid:0bf272e7-5a08-4a67-a533-22fa58bee56d/Testemunhas,nao,,,,-15.932418,37.188752,500.6,1.8,nao,,,media\1508238534632.jpg,17/10/2017 10:09,uuid:0bf272e7-5a08-4a67-a533-22fa58bee56d,parcelas_AS040003_008871,uuid:0bf272e7-5a08-4a67-a533-22fa58bee56d
18/10/2017 08:27,17/10/2017 05:35,Registo de parcelas - CDUATs,,Rito_Roaneque,17-Oct-17,P04,D0406,PA040601,AS040003,8874,8874,hera,,nao,,,nao,,,expl_fam,agric,agric,,prop,,sing,1,nao,1,uuid:31efce6e-8d07-426f-9598-f020716b9983/Titulares,,,,,,,nao,,,,1,1,uuid:31efce6e-8d07-426f-9598-f020716b9983/Testemunhas,nao,,,,-15.931253,37.176881,482.4,1.5,nao,,,media\1508222299442.jpg,17/10/2017 05:38,uuid:31efce6e-8d07-426f-9598-f020716b9983,parcelas_AS040003_008874,uuid:31efce6e-8d07-426f-9598-f020716b9983
18/10/2017 08:27,17/10/2017 08:55,Registo de parcelas - CDUATs,,Rito_Roaneque,17-Oct-17,P04,D0406,PA040601,AS040003,8877,8877,hera,,nao,,,nao,,,expl_fam,agric,agric,,prop,,sing,1,nao,1,uuid:ccb6612e-f453-4e64-a3c4-df4c68f01f23/Titulares,,,,,,,sim,1,1,uuid:ccb6612e-f453-4e64-a3c4-df4c68f01f23/Novas_pessoas,1,1,uuid:ccb6612e-f453-4e64-a3c4-df4c68f01f23/Testemunhas,nao,,,,-15.937342,37.169347,461.1,1.8,nao,,,media\1508234801528.jpg,17/10/2017 09:53,uuid:ccb6612e-f453-4e64-a3c4-df4c68f01f23,parcelas_AS040003_008877,uuid:ccb6612e-f453-4e64-a3c4-df4c68f01f23
18/10/2017 13:07,17/10/2017 04:53,Registo de parcelas - CDUATs,,Rito_Roaneque,17-Oct-17,P04,D0406,PA040601,AS040003,8872,8872,hera,,nao,,,nao,,,expl_fam,agric habit,agric,,prop,,sing,2,nao,2,uuid:c11b9f08-c362-415a-b51c-735a3711c020/Titulares,,,,,,,sim,1,1,uuid:c11b9f08-c362-415a-b51c-735a3711c020/Novas_pessoas,1,1,uuid:c11b9f08-c362-415a-b51c-735a3711c020/Testemunhas,nao,,,,-15.929472,37.184951,492.4,1.5,nao,,,media\1508254343646.jpg,18/10/2017 12:11,uuid:c11b9f08-c362-415a-b51c-735a3711c020,parcelas_AS040003_008872,uuid:c11b9f08-c362-415a-b51c-735a3711c020
18/10/2017 13:07,18/10/2017 08:55,Registo de parcelas - CDUATs,,Rito_Roaneque,18-Oct-17,P04,D0406,PA040601,AS040003,8878,8878,hera,,nao,,,nao,,,expl_fam,agric,agric,,prop,,sing,1,nao,1,uuid:cf4e6c03-3212-4e4b-8454-fdd5978b17d8/Titulares,,,,,,,nao,,,,1,1,uuid:cf4e6c03-3212-4e4b-8454-fdd5978b17d8/Testemunhas,nao,,,,-15.925629,37.177168,469.8,1.8,nao,,,media\1508325171967.jpg,18/10/2017 10:12,uuid:cf4e6c03-3212-4e4b-8454-fdd5978b17d8,parcelas_AS040003_008878,uuid:cf4e6c03-3212-4e4b-8454-fdd5978b17d8
18/10/2017 13:08,18/10/2017 09:14,Registo de parcelas - CDUATs,,Rito_Roaneque,18-Oct-17,P04,D0406,PA040601,AS040003,8879,8879,hera,,nao,,,nao,,,expl_fam,agric,agric,,prop,,sing,1,nao,1,uuid:1cf996d7-ef24-457e-831a-c03ba484a827/Titulares,,,,,,,nao,,,,1,1,uuid:1cf996d7-ef24-457e-831a-c03ba484a827/Testemunhas,nao,,,,-15.927285,37.177766,459.5,1.8,nao,,,media\1508325246142.jpg,18/10/2017 10:14,uuid:1cf996d7-ef24-457e-831a-c03ba484a827,parcelas_AS040003_008879,uuid:1cf996d7-ef24-457e-831a-c03ba484a827
18/10/2017 13:08,18/10/2017 09:43,Registo de parcelas - CDUATs,,Rito_Roaneque,18-Oct-17,P04,D0406,PA040601,AS040003,8880,8880,norms,,nao,,,nao,,,expl_fam,agric habit,agric,,prop,,sing,1,nao,1,uuid:fd10e4ac-8fd1-4215-a1af-3513744a2704/Titulares,,,,,,,nao,,,,1,1,uuid:fd10e4ac-8fd1-4215-a1af-3513744a2704/Testemunhas,nao,,,,-15.92783,37.174427,486.4,1.8,nao,,,media\1508325397681.jpg,18/10/2017 10:16,uuid:fd10e4ac-8fd1-4215-a1af-3513744a2704,parcelas_AS040003_008880,uuid:fd10e4ac-8fd1-4215-a1af-3513744a2704
18/10/2017 13:08,18/10/2017 11:14,Registo de parcelas - CDUATs,,Rito_Roaneque,18-Oct-17,P04,D0406,PA040601,AS040003,8881,8881,hera,,nao,,,nao,,,expl_fam,agric,agric,,prop,,sing,1,nao,1,uuid:12e0d84f-9fd1-40cd-a9bf-e783c7374ab0/Titulares,,,,,,,nao,,,,1,1,uuid:12e0d84f-9fd1-40cd-a9bf-e783c7374ab0/Testemunhas,nao,,,,-15.927049,37.166689,480.7,1.8,nao,,,media\1508329531048.jpg,18/10/2017 11:25,uuid:12e0d84f-9fd1-40cd-a9bf-e783c7374ab0,parcelas_AS040003_008881,uuid:12e0d84f-9fd1-40cd-a9bf-e783c7374ab0
20/10/2017 05:35,19/10/2017 09:07,Registo de parcelas - CDUATs,,Eugenio_Sabonete,19-Oct-17,P04,D0406,PA040601,AS040003,8638,8638,hera,,nao,,,nao,,,expl_fam,agric habit,agric,,prop,,sing,1,nao,1,uuid:74495434-619f-4733-8a2e-8197bf3523b0/Titulares,,,,,,,sim,1,1,uuid:74495434-619f-4733-8a2e-8197bf3523b0/Novas_pessoas,1,1,uuid:74495434-619f-4733-8a2e-8197bf3523b0/Testemunhas,sim,1,1,uuid:74495434-619f-4733-8a2e-8197bf3523b0/Novas_pessoas1,-15.970034,37.16486,478,1.8,nao,,,media\1508409103577.jpg,19/10/2017 09:31,uuid:74495434-619f-4733-8a2e-8197bf3523b0,parcelas_AS040003_008638,uuid:74495434-619f-4733-8a2e-8197bf3523b0
20/10/2017 05:36,19/10/2017 09:39,Registo de parcelas - CDUATs,,Sama_Vicente,19-Oct-17,P04,D0406,PA040601,AS040003,8639,8639,hera,,nao,,,nao,,,expl_fam,agric habit,agric,,prop,,sing,2,nao,2,uuid:62c82509-838c-4106-9370-440237e8e24a/Titulares,,,,,,,sim,1,1,uuid:62c82509-838c-4106-9370-440237e8e24a/Novas_pessoas,2,2,uuid:62c82509-838c-4106-9370-440237e8e24a/Testemunhas,nao,,,,-15.969188,37.163399,474.1,1.8,sim,uuid:62c82509-838c-4106-9370-440237e8e24a/Pontos,,media\1508412482277.jpg,19/10/2017 10:30,uuid:62c82509-838c-4106-9370-440237e8e24a,parcelas_AS040003_008639,uuid:62c82509-838c-4106-9370-440237e8e24a
23/10/2017 17:32,23/10/2017 07:47,Registo de parcelas - CDUATs,,Rito_Roaneque,23-Oct-17,P04,D0406,PA040601,AS040003,8882,8882,hera,,nao,,,nao,,,expl_fam,agric,agric,,prop,,sing,1,nao,1,uuid:1b99b05d-b922-4418-988c-88109c8c2ec1/Titulares,,,,,,,nao,,,,1,1,uuid:1b99b05d-b922-4418-988c-88109c8c2ec1/Testemunhas,nao,,,,-15.949793,37.213654,435.4,1.8,nao,,,media\1508750265929.jpg,23/10/2017 08:17,uuid:1b99b05d-b922-4418-988c-88109c8c2ec1,parcelas_AS040003_008882,uuid:1b99b05d-b922-4418-988c-88109c8c2ec1
23/10/2017 17:32,23/10/2017 08:25,Registo de parcelas - CDUATs,,Rito_Roaneque,23-Oct-17,P04,D0406,PA040601,AS040003,8886,8886,hera,,nao,,,nao,,,expl_fam,agric habit,agric,,prop,,sing,1,nao,1,uuid:a18dd1e3-efcb-4986-a4ed-fd7a3a7a7ee3/Titulares,,,,,,,nao,,,,1,1,uuid:a18dd1e3-efcb-4986-a4ed-fd7a3a7a7ee3/Testemunhas,nao,,,,-15.946819,37.211746,447.3,1.5,nao,,,media\1508750947137.jpg,23/10/2017 08:29,uuid:a18dd1e3-efcb-4986-a4ed-fd7a3a7a7ee3,parcelas_AS040003_008886,uuid:a18dd1e3-efcb-4986-a4ed-fd7a3a7a7ee3
23/10/2017 17:32,23/10/2017 08:33,Registo de parcelas - CDUATs,,Rito_Roaneque,23-Oct-17,P04,D0406,PA040601,AS040003,8883,8883,hera,,nao,,,nao,,,expl_fam,agric,agric,,prop,,sing,1,nao,1,uuid:96f5c55a-b0b1-447e-952f-ca272fd60926/Titulares,,,,,,,nao,,,,1,1,uuid:96f5c55a-b0b1-447e-952f-ca272fd60926/Testemunhas,nao,,,,-15.946453,37.21228,446.7,1.8,nao,,,media\1508751679824.jpg,23/10/2017 08:41,uuid:96f5c55a-b0b1-447e-952f-ca272fd60926,parcelas_AS040003_008883,uuid:96f5c55a-b0b1-447e-952f-ca272fd60926
23/10/2017 17:32,23/10/2017 08:44,Registo de parcelas - CDUATs,,Rito_Roaneque,23-Oct-17,P04,D0406,PA040601,AS040003,8884,8884,hera,,nao,,,nao,,,expl_fam,agric,agric,,prop,,sing,1,nao,1,uuid:6a78638c-95c8-4fda-b011-b686ac419f40/Titulares,,,,,,,nao,,,,1,1,uuid:6a78638c-95c8-4fda-b011-b686ac419f40/Testemunhas,nao,,,,-15.946537,37.213433,441.5,1.5,nao,,,media\1508752192259.jpg,23/10/2017 08:49,uuid:6a78638c-95c8-4fda-b011-b686ac419f40,parcelas_AS040003_008884,uuid:6a78638c-95c8-4fda-b011-b686ac419f40
23/10/2017 17:32,23/10/2017 08:52,Registo de parcelas - CDUATs,,Rito_Roaneque,23-Oct-17,P04,D0406,PA040601,AS040003,8885,8885,hera,,nao,,,nao,,,expl_fam,agric,agric,,prop,,sing,1,nao,1,uuid:cf011bfe-305c-44d0-ab50-9985f1739edf/Titulares,,,,,,,nao,,,,1,1,uuid:cf011bfe-305c-44d0-ab50-9985f1739edf/Testemunhas,nao,,,,-15.946932,37.213568,435,1.8,nao,,,media\1508752645371.jpg,23/10/2017 08:57,uuid:cf011bfe-305c-44d0-ab50-9985f1739edf,parcelas_AS040003_008885,uuid:cf011bfe-305c-44d0-ab50-9985f1739edf
23/10/2017 17:32,23/10/2017 09:42,Registo de parcelas - CDUATs,,Rito_Roaneque,23-Oct-17,P04,D0406,PA040601,AS040003,8890,8890,hera,,nao,,,nao,,,expl_fam,agric,agric,,prop,,sing,1,nao,1,uuid:bf872a7e-11d7-467a-b829-daa2b6d71ed3/Titulares,,,,,,,nao,,,,1,1,uuid:bf872a7e-11d7-467a-b829-daa2b6d71ed3/Testemunhas,nao,,,,-15.946696,37.210241,446.1,1.75,nao,,,media\1508759269704.jpg,23/10/2017 10:47,uuid:bf872a7e-11d7-467a-b829-daa2b6d71ed3,parcelas_AS040003_008890,uuid:bf872a7e-11d7-467a-b829-daa2b6d71ed3
23/10/2017 17:32,23/10/2017 10:50,Registo de parcelas - CDUATs,,Rito_Roaneque,23-Oct-17,P04,D0406,PA040601,AS040003,8889,8889,hera,,nao,,,nao,,,expl_fam,agric habit,agric,,prop,,sing,1,nao,1,uuid:329fe0f2-020f-484b-92ca-b18b87bdf8b0/Titulares,,,,,,,nao,,,,1,1,uuid:329fe0f2-020f-484b-92ca-b18b87bdf8b0/Testemunhas,nao,,,,-15.945962,37.210756,464.5,1.5,nao,,,media\1508759768370.jpg,23/10/2017 10:56,uuid:329fe0f2-020f-484b-92ca-b18b87bdf8b0,parcelas_AS040003_008889,uuid:329fe0f2-020f-484b-92ca-b18b87bdf8b0
23/10/2017 17:32,23/10/2017 11:02,Registo de parcelas - CDUATs,,Rito_Roaneque,23-Oct-17,P04,D0406,PA040601,AS040003,8892,8892,hera,,nao,,,nao,,,expl_fam,agric habit,agric,,prop,,sing,1,nao,1,uuid:efc8a750-61df-42ac-897b-dd38ae7d1e50/Titulares,,,,,,,nao,,,,1,1,uuid:efc8a750-61df-42ac-897b-dd38ae7d1e50/Testemunhas,nao,,,,-15.945863,37.209893,457.3,1.8,nao,,,media\1508760489162.jpg,23/10/2017 11:08,uuid:efc8a750-61df-42ac-897b-dd38ae7d1e50,parcelas_AS040003_008892,uuid:efc8a750-61df-42ac-897b-dd38ae7d1e50
23/10/2017 17:32,23/10/2017 11:16,Registo de parcelas - CDUATs,,Rito_Roaneque,23-Oct-17,P04,D0406,PA040601,AS040003,8888,8888,hera,,nao,,,nao,,,expl_fam,agric habit,agric,,prop,,sing,1,nao,1,uuid:3137da5f-70d3-403d-a4b3-57ef5f935146/Titulares,,,,,,,nao,,,,1,1,uuid:3137da5f-70d3-403d-a4b3-57ef5f935146/Testemunhas,nao,,,,-15.94567,37.20449,470.5,1.8,nao,,,media\1508761421570.jpg,23/10/2017 11:23,uuid:3137da5f-70d3-403d-a4b3-57ef5f935146,parcelas_AS040003_008888,uuid:3137da5f-70d3-403d-a4b3-57ef5f935146
23/10/2017 17:32,23/10/2017 11:25,Registo de parcelas - CDUATs,,Rito_Roaneque,23-Oct-17,P04,D0406,PA040601,AS040003,8887,8887,hera,,nao,,,nao,,,expl_fam,agric,agric,,prop,,sing,1,nao,1,uuid:a0a1fd93-ef42-4665-a2b6-98876b76200c/Titulares,,,,,,,nao,,,,1,1,uuid:a0a1fd93-ef42-4665-a2b6-98876b76200c/Testemunhas,nao,,,,-15.945421,37.204933,464.7,1.5,nao,,,media\1508762245314.jpg,23/10/2017 11:37,uuid:a0a1fd93-ef42-4665-a2b6-98876b76200c,parcelas_AS040003_008887,uuid:a0a1fd93-ef42-4665-a2b6-98876b76200c
23/10/2017 17:32,23/10/2017 11:42,Registo de parcelas - CDUATs,,Rito_Roaneque,23-Oct-17,P04,D0406,PA040601,AS040003,8891,8891,hera,,nao,,,nao,,,expl_fam,agric habit,agric,,prop,,sing,1,nao,1,uuid:b904f00f-28a7-482c-84b8-ea48ad2c7275/Titulares,,,,,,,nao,,,,1,1,uuid:b904f00f-28a7-482c-84b8-ea48ad2c7275/Testemunhas,nao,,,,-15.946397,37.205287,467.3,1.8,nao,,,media\1508762877115.jpg,23/10/2017 11:47,uuid:b904f00f-28a7-482c-84b8-ea48ad2c7275,parcelas_AS040003_008891,uuid:b904f00f-28a7-482c-84b8-ea48ad2c7275
23/10/2017 17:32,23/10/2017 11:53,Registo de parcelas - CDUATs,,Rito_Roaneque,23-Oct-17,P04,D0406,PA040601,AS040003,8893,8893,hera,,nao,,,nao,,,expl_fam,agric habit,agric,,prop,,sing,1,nao,1,uuid:39107dd4-ac85-405d-b178-b343d6f5e70e/Titulares,,,,,,,nao,,,,1,1,uuid:39107dd4-ac85-405d-b178-b343d6f5e70e/Testemunhas,nao,,,,-15.947304,37.205774,464.6,1.8,nao,,,media\1508763585270.jpg,23/10/2017 11:59,uuid:39107dd4-ac85-405d-b178-b343d6f5e70e,parcelas_AS040003_008893,uuid:39107dd4-ac85-405d-b178-b343d6f5e70e
23/10/2017 19:22,23/10/2017 07:34,Registo de parcelas - CDUATs,,Sama_Vicente,23-Oct-17,P04,D0406,PA040601,AS040003,8643,8643,hera,,nao,,,nao,,,expl_fam,agric habit,agric,,prop,,sing,1,nao,1,uuid:8174d7e6-098b-4604-a481-629db60b1cfd/Titulares,,,,,,,sim,1,1,uuid:8174d7e6-098b-4604-a481-629db60b1cfd/Novas_pessoas,2,2,uuid:8174d7e6-098b-4604-a481-629db60b1cfd/Testemunhas,nao,,,,-15.982519,37.173321,439.1,1.8,nao,,,media\1508748597658.jpg,23/10/2017 07:50,uuid:8174d7e6-098b-4604-a481-629db60b1cfd,parcelas_AS040003_008643,uuid:8174d7e6-098b-4604-a481-629db60b1cfd
23/10/2017 19:22,23/10/2017 07:53,Registo de parcelas - CDUATs,,Sama_Vicente,23-Oct-17,P04,D0406,PA040601,AS040003,8641,8641,hera,,nao,,,nao,,,expl_fam,agric habit,agric,,prop,,sing,1,nao,1,uuid:f40155c2-1231-4d92-b005-767877d1321c/Titulares,,,,,,,nao,,,,2,2,uuid:f40155c2-1231-4d92-b005-767877d1321c/Testemunhas,nao,,,,-15.98269,37.172354,450.4,1.5,nao,,,media\1508749515494.jpg,23/10/2017 08:05,uuid:f40155c2-1231-4d92-b005-767877d1321c,parcelas_AS040003_008641,uuid:f40155c2-1231-4d92-b005-767877d1321c
23/10/2017 19:22,23/10/2017 08:17,Registo de parcelas - CDUATs,,Sama_Vicente,23-Oct-17,P04,D0406,PA040601,AS040003,8644,8644,boa,,nao,,,nao,,,expl_fam,habit,habit,,prop,,sing,1,nao,1,uuid:c602f226-2e91-428b-9be7-642cfc321b21/Titulares,,,,,,,nao,,,,2,2,uuid:c602f226-2e91-428b-9be7-642cfc321b21/Testemunhas,nao,,,,-15.982053,37.17196,452.7,1.5,nao,,,media\1508750762351.jpg,23/10/2017 09:04,uuid:c602f226-2e91-428b-9be7-642cfc321b21,parcelas_AS040003_008644,uuid:c602f226-2e91-428b-9be7-642cfc321b21
23/10/2017 19:22,23/10/2017 08:35,Registo de parcelas - CDUATs,,Sama_Vicente,23-Oct-17,P04,D0406,PA040601,AS040003,8645,8645,hera,,nao,,,nao,,,expl_fam,habit,habit,,prop,,sing,1,nao,1,uuid:5e80ed89-7580-4ec2-819c-d99b63c91276/Titulares,,,,,,,nao,,,,2,2,uuid:5e80ed89-7580-4ec2-819c-d99b63c91276/Testemunhas,nao,,,,-15.981699,37.171632,456.3,1.5,nao,,,media\1508751731139.jpg,23/10/2017 08:42,uuid:5e80ed89-7580-4ec2-819c-d99b63c91276,parcelas_AS040003_008645,uuid:5e80ed89-7580-4ec2-819c-d99b63c91276
23/10/2017 19:22,23/10/2017 08:42,Registo de parcelas - CDUATs,,Sama_Vicente,23-Oct-17,P04,D0406,PA040601,AS040003,8646,8646,hera,,nao,,,nao,,,expl_fam,agric habit,agric,,prop,,sing,1,nao,1,uuid:ce22b201-a757-4085-9fdd-a02f6c5eb603/Titulares,,,,,,,nao,,,,2,2,uuid:ce22b201-a757-4085-9fdd-a02f6c5eb603/Testemunhas,nao,,,,-15.981616,37.172312,447.1,1.8,nao,,,media\1508752408292.jpg,23/10/2017 08:53,uuid:ce22b201-a757-4085-9fdd-a02f6c5eb603,parcelas_AS040003_008646,uuid:ce22b201-a757-4085-9fdd-a02f6c5eb603
23/10/2017 19:23,23/10/2017 09:19,Registo de parcelas - CDUATs,,Sama_Vicente,23-Oct-17,P04,D0406,PA040601,AS040003,8647,8647,hera,,nao,,,nao,,,expl_fam,agric habit,agric,,prop,,sing,1,nao,1,uuid:58950c1c-4bd4-498d-8abe-4f118199f1ac/Titulares,,,,,,,nao,,,,2,2,uuid:58950c1c-4bd4-498d-8abe-4f118199f1ac/Testemunhas,nao,,,,-15.98116,37.171225,457.4,1.8,nao,,,media\1508754450016.jpg,23/10/2017 09:28,uuid:58950c1c-4bd4-498d-8abe-4f118199f1ac,parcelas_AS040003_008647,uuid:58950c1c-4bd4-498d-8abe-4f118199f1ac
23/10/2017 19:23,23/10/2017 09:28,Registo de parcelas - CDUATs,,Sama_Vicente,23-Oct-17,P04,D0406,PA040601,AS040003,8648,8648,hera,,nao,,,nao,,,expl_fam,habit,agric,,prop,,sing,1,nao,1,uuid:345fe4a1-a147-4890-ad68-b0d2839745cb/Titulares,,,,,,,sim,1,1,uuid:345fe4a1-a147-4890-ad68-b0d2839745cb/Novas_pessoas,2,2,uuid:345fe4a1-a147-4890-ad68-b0d2839745cb/Testemunhas,nao,,,,-15.980963,37.171104,455.8,1.8,nao,,,media\1508755369852.jpg,23/10/2017 09:42,uuid:345fe4a1-a147-4890-ad68-b0d2839745cb,parcelas_AS040003_008648,uuid:345fe4a1-a147-4890-ad68-b0d2839745cb
23/10/2017 19:23,23/10/2017 09:52,Registo de parcelas - CDUATs,,Sama_Vicente,23-Oct-17,P04,D0406,PA040601,AS040003,8649,8649,hera,,nao,,,nao,,,expl_fam,agric habit,agric,,prop,,sing,1,nao,1,uuid:de7bcbdc-73ed-40a4-a1c6-073c5c2b6a65/Titulares,,,,,,,nao,,,,2,2,uuid:de7bcbdc-73ed-40a4-a1c6-073c5c2b6a65/Testemunhas,nao,,,,-15.980763,37.169724,464,1.5,nao,,,media\1508756338919.jpg,23/10/2017 09:59,uuid:de7bcbdc-73ed-40a4-a1c6-073c5c2b6a65,parcelas_AS040003_008649,uuid:de7bcbdc-73ed-40a4-a1c6-073c5c2b6a65
23/10/2017 19:23,23/10/2017 10:04,Registo de parcelas - CDUATs,,Sama_Vicente,23-Oct-17,P04,D0406,PA040601,AS040003,8640,8640,hera,,nao,,,nao,,,expl_fam,agric habit,agric,,prop,,sing,1,nao,1,uuid:91a8605f-f5e0-4102-a4b6-429fe55a074f/Titulares,,,,,,,nao,,,,2,2,uuid:91a8605f-f5e0-4102-a4b6-429fe55a074f/Testemunhas,nao,,,,-15.982987,37.169921,468.9,1.8,sim,uuid:91a8605f-f5e0-4102-a4b6-429fe55a074f/Pontos,,media\1508758940222.jpg,23/10/2017 10:42,uuid:91a8605f-f5e0-4102-a4b6-429fe55a074f,parcelas_AS040003_008640,uuid:91a8605f-f5e0-4102-a4b6-429fe55a074f
23/10/2017 19:23,23/10/2017 10:48,Registo de parcelas - CDUATs,,Sama_Vicente,23-Oct-17,P04,D0406,PA040601,AS040003,8650,8650,doa,,nao,,,nao,,,expl_fam,agric habit,agric,,prop,,sing,1,nao,1,uuid:d75d293c-b80f-4cb7-8e56-f310bd3e3cfa/Titulares,,,,,,,sim,1,1,uuid:d75d293c-b80f-4cb7-8e56-f310bd3e3cfa/Novas_pessoas,2,2,uuid:d75d293c-b80f-4cb7-8e56-f310bd3e3cfa/Testemunhas,nao,,,,-15.985074,37.172091,456.1,2.1,nao,,,media\1508760085723.jpg,23/10/2017 11:01,uuid:d75d293c-b80f-4cb7-8e56-f310bd3e3cfa,parcelas_AS040003_008650,uuid:d75d293c-b80f-4cb7-8e56-f310bd3e3cfa
23/10/2017 19:23,23/10/2017 11:09,Registo de parcelas - CDUATs,,Sama_Vicente,23-Oct-17,P04,D0406,PA040601,AS040003,8642,8642,hera,,nao,,,nao,,,expl_fam,agric habit,agric,,prop,,sing,1,nao,1,uuid:05d84799-2c68-43b1-80a6-ce3e0169f4a5/Titulares,,,,,,,nao,,,,2,2,uuid:05d84799-2c68-43b1-80a6-ce3e0169f4a5/Testemunhas,nao,,,,-15.982663,37.170939,457.5,1.8,nao,,,media\1508761264452.jpg,23/10/2017 11:21,uuid:05d84799-2c68-43b1-80a6-ce3e0169f4a5,parcelas_AS040003_008642,uuid:05d84799-2c68-43b1-80a6-ce3e0169f4a5
24/10/2017 18:16,24/10/2017 06:13,Registo de parcelas - CDUATs,,Rito_Roaneque,24-Oct-17,P04,D0406,PA040601,AS040003,8895,8895,hera,,nao,,,nao,,,expl_fam,agric,agric,,prop,,sing,1,nao,1,uuid:a01c6f22-6801-4457-a9ae-36f4fe1fe5a6/Titulares,,,,,,,sim,1,1,uuid:a01c6f22-6801-4457-a9ae-36f4fe1fe5a6/Novas_pessoas,1,1,uuid:a01c6f22-6801-4457-a9ae-36f4fe1fe5a6/Testemunhas,nao,,,,-15.948425,37.204302,461.3,1.5,nao,,,media\1508834669775.jpg,24/10/2017 07:44,uuid:a01c6f22-6801-4457-a9ae-36f4fe1fe5a6,parcelas_AS040003_008895,uuid:a01c6f22-6801-4457-a9ae-36f4fe1fe5a6
24/10/2017 18:16,24/10/2017 06:36,Registo de parcelas - CDUATs,,Rito_Roaneque,24-Oct-17,P04,D0406,PA040601,AS040003,8896,8896,hera,,nao,,,nao,,,expl_fam,agric,agric,,prop,,sing,1,nao,1,uuid:40182199-66aa-4f0f-9aa8-efe9bff69275/Titulares,,,,,,,nao,,,,1,1,uuid:40182199-66aa-4f0f-9aa8-efe9bff69275/Testemunhas,nao,,,,-15.946405,37.206364,461.4,1.8,nao,,,media\1508834046036.jpg,24/10/2017 07:34,uuid:40182199-66aa-4f0f-9aa8-efe9bff69275,parcelas_AS040003_008896,uuid:40182199-66aa-4f0f-9aa8-efe9bff69275
24/10/2017 18:16,24/10/2017 07:48,Registo de parcelas - CDUATs,,Rito_Roaneque,24-Oct-17,P04,D0406,PA040601,AS040003,8899,8899,hera,,nao,,,nao,,,expl_fam,agric habit,agric,,prop,,sing,1,nao,1,uuid:0a58e066-78c0-465a-9af0-6aadba9dc995/Titulares,,,,,,,sim,1,1,uuid:0a58e066-78c0-465a-9af0-6aadba9dc995/Novas_pessoas,1,1,uuid:0a58e066-78c0-465a-9af0-6aadba9dc995/Testemunhas,nao,,,,-15.948879,37.205034,456.7,1.5,nao,,,media\1508835461451.jpg,24/10/2017 07:57,uuid:0a58e066-78c0-465a-9af0-6aadba9dc995,parcelas_AS040003_008899,uuid:0a58e066-78c0-465a-9af0-6aadba9dc995
24/10/2017 18:16,24/10/2017 08:02,Registo de parcelas - CDUATs,,Rito_Roaneque,24-Oct-17,P04,D0406,PA040601,AS040003,8900,8900,hera,,nao,,,nao,,,expl_fam,agric,agric,,prop,,sing,1,nao,1,uuid:060c09a9-97fb-4745-b5b4-e6c6fdd7feef/Titulares,,,,,,,nao,,,,1,1,uuid:060c09a9-97fb-4745-b5b4-e6c6fdd7feef/Testemunhas,nao,,,,-15.948824,37.206182,450.4,1.5,nao,,,media\1508835984381.jpg,24/10/2017 08:07,uuid:060c09a9-97fb-4745-b5b4-e6c6fdd7feef,parcelas_AS040003_008900,uuid:060c09a9-97fb-4745-b5b4-e6c6fdd7feef
24/10/2017 18:16,24/10/2017 08:17,Registo de parcelas - CDUATs,,Rito_Roaneque,24-Oct-17,P04,D0406,PA040601,AS040003,8896,8896,hera,,nao,,,nao,,,expl_fam,agric habit,agric,,prop,,sing,1,nao,1,uuid:7f5a4537-aa69-4b08-822a-6d64417cbdd0/Titulares,,,,,,,nao,,,,1,1,uuid:7f5a4537-aa69-4b08-822a-6d64417cbdd0/Testemunhas,nao,,,,-15.950079,37.204424,453.8,1.25,nao,,,media\1508836810160.jpg,24/10/2017 08:20,uuid:7f5a4537-aa69-4b08-822a-6d64417cbdd0,parcelas_AS040003_008896,uuid:7f5a4537-aa69-4b08-822a-6d64417cbdd0
24/10/2017 18:16,24/10/2017 08:25,Registo de parcelas - CDUATs,,Rito_Roaneque,24-Oct-17,P04,D0406,PA040601,AS040003,8897,8897,hera,,nao,,,nao,,,expl_fam,agric habit,agric,,prop,,sing,1,nao,1,uuid:14ba6301-94d9-4665-8e3f-0f2f84bb238b/Titulares,,,,,,,nao,,,,1,1,uuid:14ba6301-94d9-4665-8e3f-0f2f84bb238b/Testemunhas,nao,,,,-15.949953,37.205275,453.1,1.25,nao,,,media\1508837350363.jpg,24/10/2017 08:29,uuid:14ba6301-94d9-4665-8e3f-0f2f84bb238b,parcelas_AS040003_008897,uuid:14ba6301-94d9-4665-8e3f-0f2f84bb238b
24/10/2017 18:16,24/10/2017 08:33,Registo de parcelas - CDUATs,,Rito_Roaneque,24-Oct-17,P04,D0406,PA040601,AS040003,8898,8898,hera,,nao,,,nao,,,expl_fam,agric,agric,,prop,,sing,1,nao,1,uuid:72916f71-6d7a-4e4b-ba65-5ed5698e57f8/Titulares,,,,,,,nao,,,,1,1,uuid:72916f71-6d7a-4e4b-ba65-5ed5698e57f8/Testemunhas,nao,,,,-15.950301,37.203343,456.1,1.25,nao,,,media\1508837840052.jpg,24/10/2017 08:37,uuid:72916f71-6d7a-4e4b-ba65-5ed5698e57f8,parcelas_AS040003_008898,uuid:72916f71-6d7a-4e4b-ba65-5ed5698e57f8
24/10/2017 18:16,24/10/2017 08:51,Registo de parcelas - CDUATs,,Rito_Roaneque,24-Oct-17,P04,D0406,PA040601,AS040003,8903,8903,hera,,nao,,,nao,,,expl_fam,agric,agric,,prop,,sing,1,nao,1,uuid:473768f7-1a42-4e92-b2ce-ab806e57c2f1/Titulares,,,,,,,nao,,,,1,1,uuid:473768f7-1a42-4e92-b2ce-ab806e57c2f1/Testemunhas,nao,,,,-15.953258,37.207799,437.4,1.75,nao,,,media\1508838960376.jpg,24/10/2017 08:56,uuid:473768f7-1a42-4e92-b2ce-ab806e57c2f1,parcelas_AS040003_008903,uuid:473768f7-1a42-4e92-b2ce-ab806e57c2f1
24/10/2017 18:16,24/10/2017 09:03,Registo de parcelas - CDUATs,,Rito_Roaneque,24-Oct-17,P04,D0406,PA040601,AS040003,8901,8901,hera,,nao,,,nao,,,expl_fam,agric habit,agric,,prop,,sing,1,nao,1,uuid:7416a70f-3447-418c-a263-bf12ef48d01c/Titulares,,,,,,,nao,,,,1,1,uuid:7416a70f-3447-418c-a263-bf12ef48d01c/Testemunhas,nao,,,,-15.95104,37.209121,440,1.8,nao,,,media\1508839555835.jpg,24/10/2017 09:05,uuid:7416a70f-3447-418c-a263-bf12ef48d01c,parcelas_AS040003_008901,uuid:7416a70f-3447-418c-a263-bf12ef48d01c
24/10/2017 18:17,24/10/2017 09:07,Registo de parcelas - CDUATs,,Rito_Roaneque,24-Oct-17,P04,D0406,PA040601,AS040003,8902,8902,hera,,nao,,,nao,,,expl_fam,agric habit,agric,,prop,,sing,1,nao,1,uuid:af90cfa5-641a-4037-b46c-5dd4e90af684/Titulares,,,,,,,nao,,,,1,1,uuid:af90cfa5-641a-4037-b46c-5dd4e90af684/Testemunhas,nao,,,,-15.951352,37.209795,439.1,1.8,nao,,,media\1508839891558.jpg,24/10/2017 09:11,uuid:af90cfa5-641a-4037-b46c-5dd4e90af684,parcelas_AS040003_008902,uuid:af90cfa5-641a-4037-b46c-5dd4e90af684
24/10/2017 18:17,24/10/2017 10:18,Registo de parcelas - CDUATs,,Rito_Roaneque,24-Oct-17,P04,D0406,PA040601,AS040003,8904,8904,hera,,nao,,,nao,,,expl_fam,agric habit,agric,,prop,,sing,1,nao,1,uuid:fb7797e3-d5cc-41eb-9d39-0c46015e771e/Titulares,,,,,,,nao,,,,1,1,uuid:fb7797e3-d5cc-41eb-9d39-0c46015e771e/Testemunhas,nao,,,,-15.94203,37.204924,481.9,1.8,nao,,,media\1508844163033.jpg,24/10/2017 10:22,uuid:fb7797e3-d5cc-41eb-9d39-0c46015e771e,parcelas_AS040003_008904,uuid:fb7797e3-d5cc-41eb-9d39-0c46015e771e
24/10/2017 18:17,24/10/2017 10:23,Registo de parcelas - CDUATs,,Rito_Roaneque,24-Oct-17,P04,D0406,PA040601,AS040003,8905,8905,hera,,nao,,,nao,,,expl_fam,agric habit,agric,,prop,,sing,1,nao,1,uuid:ee320572-7149-470b-943c-c873e6f3da36/Titulares,,,,,,,nao,,,,1,1,uuid:ee320572-7149-470b-943c-c873e6f3da36/Testemunhas,nao,,,,-15.941181,37.204433,478.2,1.8,nao,,,media\1508846845582.jpg,24/10/2017 11:07,uuid:ee320572-7149-470b-943c-c873e6f3da36,parcelas_AS040003_008905,uuid:ee320572-7149-470b-943c-c873e6f3da36
24/10/2017 18:17,24/10/2017 11:10,Registo de parcelas - CDUATs,,Rito_Roaneque,24-Oct-17,P04,D0406,PA040601,AS040003,8909,8909,hera,,nao,,,nao,,,expl_fam,agric habit,agric,,prop,,sing,1,nao,1,uuid:1b4d2018-d022-4758-a1ca-1d840ff6a63d/Titulares,,,,,,,nao,,,,1,1,uuid:1b4d2018-d022-4758-a1ca-1d840ff6a63d/Testemunhas,nao,,,,-15.940138,37.205684,475.3,1.5,nao,,,media\1508847146012.jpg,24/10/2017 11:12,uuid:1b4d2018-d022-4758-a1ca-1d840ff6a63d,parcelas_AS040003_008909,uuid:1b4d2018-d022-4758-a1ca-1d840ff6a63d
24/10/2017 18:17,24/10/2017 11:14,Registo de parcelas - CDUATs,,Rito_Roaneque,24-Oct-17,P04,D0406,PA040601,AS040003,8908,8908,hera,,nao,,,nao,,,expl_fam,agric,agric,,prop,,sing,1,nao,1,uuid:850dd670-a218-4156-bbc2-7e7518d204bf/Titulares,,,,,,,nao,,,,1,1,uuid:850dd670-a218-4156-bbc2-7e7518d204bf/Testemunhas,nao,,,,-15.939856,37.205046,482.3,1.5,nao,,,media\1508847419784.jpg,24/10/2017 11:17,uuid:850dd670-a218-4156-bbc2-7e7518d204bf,parcelas_AS040003_008908,uuid:850dd670-a218-4156-bbc2-7e7518d204bf
24/10/2017 18:17,24/10/2017 11:17,Registo de parcelas - CDUATs,,Rito_Roaneque,24-Oct-17,P04,D0406,PA040601,AS040003,8909,8909,hera,,nao,,,nao,,,expl_fam,agric habit,agric,,prop,,sing,1,nao,1,uuid:701e083f-6ce5-4baa-bb6a-6230adda02ba/Titulares,,,,,,,nao,,,,1,1,uuid:701e083f-6ce5-4baa-bb6a-6230adda02ba/Testemunhas,nao,,,,-15.939969,37.203894,481.2,1.8,nao,,,media\1508847849089.jpg,24/10/2017 11:24,uuid:701e083f-6ce5-4baa-bb6a-6230adda02ba,parcelas_AS040003_008909,uuid:701e083f-6ce5-4baa-bb6a-6230adda02ba
24/10/2017 18:17,24/10/2017 11:27,Registo de parcelas - CDUATs,,Rito_Roaneque,24-Oct-17,P04,D0406,PA040601,AS040003,8907,8907,hera,,nao,,,nao,,,expl_fam,agric habit,agric,,prop,,sing,1,nao,1,uuid:da00b76b-ee72-4a58-9fb3-63dc851bf9fa/Titulares,,,,,,,nao,,,,1,1,uuid:da00b76b-ee72-4a58-9fb3-63dc851bf9fa/Testemunhas,nao,,,,-15.94085,37.202811,469.6,1.5,nao,,,media\1508848226922.jpg,24/10/2017 11:30,uuid:da00b76b-ee72-4a58-9fb3-63dc851bf9fa,parcelas_AS040003_008907,uuid:da00b76b-ee72-4a58-9fb3-63dc851bf9fa
24/10/2017 18:17,24/10/2017 11:34,Registo de parcelas - CDUATs,,Rito_Roaneque,24-Oct-17,P04,D0406,PA040601,AS040003,8917,8917,hera,,nao,,,nao,,,expl_fam,agric habit,agric,,prop,,sing,1,nao,1,uuid:98dc7d4d-3f6a-4d86-b89f-77a6614e8034/Titulares,,,,,,,nao,,,,1,1,uuid:98dc7d4d-3f6a-4d86-b89f-77a6614e8034/Testemunhas,nao,,,,-15.942057,37.200466,456.7,2.1,nao,,,media\1508849263178.jpg,24/10/2017 11:47,uuid:98dc7d4d-3f6a-4d86-b89f-77a6614e8034,parcelas_AS040003_008917,uuid:98dc7d4d-3f6a-4d86-b89f-77a6614e8034
24/10/2017 18:17,24/10/2017 11:58,Registo de parcelas - CDUATs,,Rito_Roaneque,24-Oct-17,P04,D0406,PA040601,AS040003,8915,8915,hera,,nao,,,nao,,,expl_fam,agric habit,agric,,prop,,sing,1,nao,1,uuid:e9b11054-2ff5-4464-9b23-e37caf41e3e1/Titulares,,,,,,,nao,,,,1,1,uuid:e9b11054-2ff5-4464-9b23-e37caf41e3e1/Testemunhas,nao,,,,-15.936453,37.198589,481.7,1.75,nao,,,media\1508850111305.jpg,24/10/2017 12:01,uuid:e9b11054-2ff5-4464-9b23-e37caf41e3e1,parcelas_AS040003_008915,uuid:e9b11054-2ff5-4464-9b23-e37caf41e3e1
24/10/2017 18:17,24/10/2017 12:02,Registo de parcelas - CDUATs,,Rito_Roaneque,24-Oct-17,P04,D0406,PA040601,AS040003,8916,8916,hera,,nao,,,nao,,,expl_fam,agric habit,agric,,prop,,sing,1,nao,1,uuid:062654f9-afa4-4897-86e4-36242a58fe82/Titulares,,,,,,,nao,,,,1,1,uuid:062654f9-afa4-4897-86e4-36242a58fe82/Testemunhas,nao,,,,-15.935239,37.197905,494.8,1.75,nao,,,media\1508850593272.jpg,24/10/2017 12:11,uuid:062654f9-afa4-4897-86e4-36242a58fe82,parcelas_AS040003_008916,uuid:062654f9-afa4-4897-86e4-36242a58fe82
24/10/2017 18:17,24/10/2017 12:19,Registo de parcelas - CDUATs,,Rito_Roaneque,24-Oct-17,P04,D0406,PA040601,AS040003,8912,8912,hera,,nao,,,nao,,,expl_fam,agric habit,agric,,prop,,sing,1,nao,1,uuid:603507ca-1242-4988-9837-01301e0327e9/Titulares,,,,,,,nao,,,,1,1,uuid:603507ca-1242-4988-9837-01301e0327e9/Testemunhas,nao,,,,-15.936101,37.204398,471.8,1.75,nao,,,media\1508851594741.jpg,24/10/2017 12:27,uuid:603507ca-1242-4988-9837-01301e0327e9,parcelas_AS040003_008912,uuid:603507ca-1242-4988-9837-01301e0327e9
24/10/2017 18:17,24/10/2017 12:28,Registo de parcelas - CDUATs,,Rito_Roaneque,24-Oct-17,P04,D0406,PA040601,AS040003,8913,8913,hera,,nao,,,nao,,,expl_fam,agric habit,agric,,prop,,sing,1,nao,1,uuid:303bc0c8-1aab-4187-94e8-b097f0bd8af6/Titulares,,,,,,,nao,,,,1,1,uuid:303bc0c8-1aab-4187-94e8-b097f0bd8af6/Testemunhas,nao,,,,-15.936777,37.205392,478.5,1.75,nao,,,media\1508851947351.jpg,24/10/2017 12:32,uuid:303bc0c8-1aab-4187-94e8-b097f0bd8af6,parcelas_AS040003_008913,uuid:303bc0c8-1aab-4187-94e8-b097f0bd8af6
24/10/2017 18:17,24/10/2017 12:44,Registo de parcelas - CDUATs,,Rito_Roaneque,24-Oct-17,P04,D0406,PA040601,AS040003,8911,8911,hera,,nao,,,nao,,,expl_fam,agric habit,agric,,prop,,sing,1,nao,1,uuid:a395aa15-5dc2-496f-91c6-9b3b129bce6e/Titulares,,,,,,,nao,,,,1,1,uuid:a395aa15-5dc2-496f-91c6-9b3b129bce6e/Testemunhas,nao,,,,-15.938195,37.211377,449.5,1.8,nao,,,media\1508852755708.jpg,24/10/2017 12:46,uuid:a395aa15-5dc2-496f-91c6-9b3b129bce6e,parcelas_AS040003_008911,uuid:a395aa15-5dc2-496f-91c6-9b3b129bce6e
24/10/2017 18:17,24/10/2017 12:49,Registo de parcelas - CDUATs,,Rito_Roaneque,24-Oct-17,P04,D0406,PA040601,AS040003,8910,8910,hera,,nao,,,nao,,,expl_fam,agric habit,agric,,prop,,sing,1,nao,1,uuid:2aec7506-2fda-421a-a570-ba35762dc553/Titulares,,,,,,,nao,,,,1,1,uuid:2aec7506-2fda-421a-a570-ba35762dc553/Testemunhas,nao,,,,-15.93855,37.207638,471.7,1.8,nao,,,media\1508853190915.jpg,24/10/2017 12:53,uuid:2aec7506-2fda-421a-a570-ba35762dc553,parcelas_AS040003_008910,uuid:2aec7506-2fda-421a-a570-ba35762dc553
24/10/2017 20:09,24/10/2017 08:31,Registo de parcelas - CDUATs,,Sama_Vicente,24-Oct-17,P04,D0406,PA040601,AS040003,8651,8651,hera,,nao,,,nao,,,expl_fam,agric habit,agric,,prop,,sing,2,nao,2,uuid:f630f205-53e8-484c-8d94-51bf87e0aecc/Titulares,,,,,,,nao,,,,2,2,uuid:f630f205-53e8-484c-8d94-51bf87e0aecc/Testemunhas,nao,,,,-15.9812,37.176939,431.8,1.5,nao,,,media\1508838239639.jpg,24/10/2017 08:44,uuid:f630f205-53e8-484c-8d94-51bf87e0aecc,parcelas_AS040003_008651,uuid:f630f205-53e8-484c-8d94-51bf87e0aecc
24/10/2017 20:09,24/10/2017 08:44,Registo de parcelas - CDUATs,,Sama_Vicente,24-Oct-17,P04,D0406,PA040601,AS040003,8652,8652,hera,,nao,,,nao,,,expl_fam,agric habit,agric,,prop,,sing,2,nao,2,uuid:8c333d68-67c9-4d27-b49b-4cf2634b1b06/Titulares,,,,,,,nao,,,,2,2,uuid:8c333d68-67c9-4d27-b49b-4cf2634b1b06/Testemunhas,nao,,,,-15.981086,37.175267,443,1.8,nao,,,media\1508839017741.jpg,24/10/2017 08:57,uuid:8c333d68-67c9-4d27-b49b-4cf2634b1b06,parcelas_AS040003_008652,uuid:8c333d68-67c9-4d27-b49b-4cf2634b1b06
24/10/2017 20:09,24/10/2017 08:57,Registo de parcelas - CDUATs,,Sama_Vicente,24-Oct-17,P04,D0406,PA040601,AS040003,8653,8653,hera,,nao,,,nao,,,expl_fam,agric habit,agric,,prop,,sing,1,nao,1,uuid:e3a1790d-677d-46f4-b0c4-5fcc9e0207f0/Titulares,,,,,,,nao,,,,2,2,uuid:e3a1790d-677d-46f4-b0c4-5fcc9e0207f0/Testemunhas,nao,,,,-15.980746,37.176316,442.3,1.5,nao,,,media\1508839353508.jpg,24/10/2017 09:02,uuid:e3a1790d-677d-46f4-b0c4-5fcc9e0207f0,parcelas_AS040003_008653,uuid:e3a1790d-677d-46f4-b0c4-5fcc9e0207f0
24/10/2017 20:09,24/10/2017 09:05,Registo de parcelas - CDUATs,,Sama_Vicente,24-Oct-17,P04,D0406,PA040601,AS040003,8654,8654,hera,,nao,,,nao,,,expl_fam,agric habit,agric,,prop,,sing,2,nao,2,uuid:00ca54c7-f3eb-4bff-ab94-fe6a67ef2372/Titulares,,,,,,,nao,,,,2,2,uuid:00ca54c7-f3eb-4bff-ab94-fe6a67ef2372/Testemunhas,nao,,,,-15.980081,37.175849,449.9,1.5,nao,,,media\1508840129073.jpg,24/10/2017 09:15,uuid:00ca54c7-f3eb-4bff-ab94-fe6a67ef2372,parcelas_AS040003_008654,uuid:00ca54c7-f3eb-4bff-ab94-fe6a67ef2372
24/10/2017 20:09,24/10/2017 09:25,Registo de parcelas - CDUATs,,Sama_Vicente,24-Oct-17,P04,D0406,PA040601,AS040003,8655,8655,hera,,nao,,,nao,,,expl_fam,agric habit,agric,,prop,,sing,1,nao,1,uuid:bfeaa51c-7075-40ba-a6f5-b623668b1835/Titulares,,,,,,,sim,1,1,uuid:bfeaa51c-7075-40ba-a6f5-b623668b1835/Novas_pessoas,2,2,uuid:bfeaa51c-7075-40ba-a6f5-b623668b1835/Testemunhas,nao,,,,-15.982282,37.177533,420.4,1.25,nao,,,media\1508841208836.jpg,24/10/2017 09:33,uuid:bfeaa51c-7075-40ba-a6f5-b623668b1835,parcelas_AS040003_008655,uuid:bfeaa51c-7075-40ba-a6f5-b623668b1835
24/10/2017 20:09,24/10/2017 09:46,Registo de parcelas - CDUATs,,Sama_Vicente,24-Oct-17,P04,D0406,PA040601,AS040003,8656,8656,boa,,nao,,,nao,,,expl_fam,agric habit,agric,,prop,,sing,1,nao,1,uuid:a191b8b4-dc8a-405f-a378-9e0f5addf78f/Titulares,,,,,,,nao,,,,2,2,uuid:a191b8b4-dc8a-405f-a378-9e0f5addf78f/Testemunhas,nao,,,,-15.983579,37.178542,423.5,1.8,nao,,,media\1508842851605.jpg,24/10/2017 10:00,uuid:a191b8b4-dc8a-405f-a378-9e0f5addf78f,parcelas_AS040003_008656,uuid:a191b8b4-dc8a-405f-a378-9e0f5addf78f
24/10/2017 20:09,24/10/2017 10:02,Registo de parcelas - CDUATs,,Sama_Vicente,24-Oct-17,P04,D0406,PA040601,AS040003,8661,8661,hera,,nao,,,nao,,,expl_fam,agric habit,agric,,prop,,sing,1,nao,1,uuid:6a459094-2af8-4b8a-a065-f82659357fa3/Titulares,,,,,,,nao,,,,2,2,uuid:6a459094-2af8-4b8a-a065-f82659357fa3/Testemunhas,sim,1,1,uuid:6a459094-2af8-4b8a-a065-f82659357fa3/Novas_pessoas1,-15.983693,37.177576,430.3,1.8,nao,,,media\1508843631321.jpg,24/10/2017 10:14,uuid:6a459094-2af8-4b8a-a065-f82659357fa3,parcelas_AS040003_008661,uuid:6a459094-2af8-4b8a-a065-f82659357fa3
24/10/2017 20:09,24/10/2017 10:26,Registo de parcelas - CDUATs,,Sama_Vicente,24-Oct-17,P04,D0406,PA040601,AS040003,8662,8662,hera,,nao,,,nao,,,expl_fam,agric habit,agric,,prop,,sing,1,nao,1,uuid:9e2d4f67-8b05-45ea-8c7e-b07105272a71/Titulares,,,,,,,sim,1,1,uuid:9e2d4f67-8b05-45ea-8c7e-b07105272a71/Novas_pessoas,2,2,uuid:9e2d4f67-8b05-45ea-8c7e-b07105272a71/Testemunhas,nao,,,,-15.984152,37.17753,428.9,1.8,nao,,,media\1508845362030.jpg,24/10/2017 10:42,uuid:9e2d4f67-8b05-45ea-8c7e-b07105272a71,parcelas_AS040003_008662,uuid:9e2d4f67-8b05-45ea-8c7e-b07105272a71
24/10/2017 20:10,24/10/2017 10:42,Registo de parcelas - CDUATs,,Sama_Vicente,24-Oct-17,P04,D0406,PA040601,AS040003,8663,8663,hera,,nao,,,nao,,,expl_fam,agric habit,agric,,prop,,sing,1,nao,1,uuid:7613231c-8596-407e-9373-a1105439761a/Titulares,,,,,,,nao,,,,2,2,uuid:7613231c-8596-407e-9373-a1105439761a/Testemunhas,nao,,,,-15.985319,37.177041,422.6,2.1,sim,uuid:7613231c-8596-407e-9373-a1105439761a/Pontos,,media\1508846438695.jpg,24/10/2017 11:00,uuid:7613231c-8596-407e-9373-a1105439761a,parcelas_AS040003_008663,uuid:7613231c-8596-407e-9373-a1105439761a
24/10/2017 20:10,24/10/2017 11:01,Registo de parcelas - CDUATs,,Sama_Vicente,24-Oct-17,P04,D0406,PA040601,AS040003,8660,8660,hera,,nao,,,nao,,,expl_fam,agric habit,agric,,prop,,sing,1,nao,1,uuid:e0b6c106-ec15-4cf6-9112-5293bb4215a9/Titulares,,,,,,,nao,,,,1,1,uuid:e0b6c106-ec15-4cf6-9112-5293bb4215a9/Testemunhas,nao,,,,-15.985237,37.176657,424.6,1.8,nao,,,media\1508846944781.jpg,24/10/2017 11:09,uuid:e0b6c106-ec15-4cf6-9112-5293bb4215a9,parcelas_AS040003_008660,uuid:e0b6c106-ec15-4cf6-9112-5293bb4215a9
24/10/2017 20:10,24/10/2017 11:20,Registo de parcelas - CDUATs,,Sama_Vicente,24-Oct-17,P04,D0406,PA040601,AS040003,8657,8657,hera,,nao,,,nao,,,expl_fam,agric,agric,,prop,,sing,1,nao,1,uuid:eaa81117-0547-46f7-8c40-cbd69cd71a5b/Titulares,,,,,,,nao,,,,2,2,uuid:eaa81117-0547-46f7-8c40-cbd69cd71a5b/Testemunhas,nao,,,,-15.983097,37.179363,409.6,2.1,nao,,,media\1508847945268.jpg,24/10/2017 11:36,uuid:eaa81117-0547-46f7-8c40-cbd69cd71a5b,parcelas_AS040003_008657,uuid:eaa81117-0547-46f7-8c40-cbd69cd71a5b
24/10/2017 20:10,24/10/2017 11:26,Registo de parcelas - CDUATs,,Sama_Vicente,24-Oct-17,P04,D0406,PA040601,AS040003,8664,8664,hera,,nao,,,nao,,,expl_fam,agric,agric,,prop,,sing,1,nao,1,uuid:5dd2845a-68c5-4a2a-bc91-2470c25c93f4/Titulares,,,,,,,nao,,,,2,2,uuid:5dd2845a-68c5-4a2a-bc91-2470c25c93f4/Testemunhas,nao,,,,-15.982972,37.180101,409.1,2.1,nao,,,media\1508848323631.jpg,24/10/2017 11:42,uuid:5dd2845a-68c5-4a2a-bc91-2470c25c93f4,parcelas_AS040003_008664,uuid:5dd2845a-68c5-4a2a-bc91-2470c25c93f4
24/10/2017 20:10,24/10/2017 11:47,Registo de parcelas - CDUATs,,Sama_Vicente,24-Oct-17,P04,D0406,PA040601,AS040003,8658,8658,hera,,nao,,,nao,,,expl_fam,agric habit,agric,,prop,,sing,1,nao,1,uuid:b21a2ecc-8313-4e0e-8e8a-049c1fb78de2/Titulares,,,,,,,nao,,,,2,2,uuid:b21a2ecc-8313-4e0e-8e8a-049c1fb78de2/Testemunhas,sim,1,1,uuid:b21a2ecc-8313-4e0e-8e8a-049c1fb78de2/Novas_pessoas1,-15.981772,37.180146,422.1,2.1,nao,,,media\1508849907730.jpg,24/10/2017 11:58,uuid:b21a2ecc-8313-4e0e-8e8a-049c1fb78de2,parcelas_AS040003_008658,uuid:b21a2ecc-8313-4e0e-8e8a-049c1fb78de2
24/10/2017 20:10,24/10/2017 11:58,Registo de parcelas - CDUATs,,Sama_Vicente,24-Oct-17,P04,D0406,PA040601,AS040003,8659,8659,hera,,nao,,,nao,,,expl_fam,agric habit,agric,,prop,,sing,1,nao,1,uuid:cb705268-0c63-434b-8d69-29bdbcecd027/Titulares,,,,,,,sim,1,1,uuid:cb705268-0c63-434b-8d69-29bdbcecd027/Novas_pessoas,1,1,uuid:cb705268-0c63-434b-8d69-29bdbcecd027/Testemunhas,nao,,,,-15.981447,37.181291,423.9,2.1,nao,,,media\1508850359809.jpg,24/10/2017 12:08,uuid:cb705268-0c63-434b-8d69-29bdbcecd027,parcelas_AS040003_008659,uuid:cb705268-0c63-434b-8d69-29bdbcecd027
25/10/2017 17:42,25/10/2017 07:19,Registo de parcelas - CDUATs,,Rito_Roaneque,25-Oct-17,P04,D0406,PA040601,AS040003,8918,8918,hera,,nao,,,nao,,,expl_fam,agric habit,agric,,prop,,sing,1,nao,1,uuid:e13c5741-5663-42a9-924f-4534eb40272d/Titulares,,,,,,,nao,,,,1,1,uuid:e13c5741-5663-42a9-924f-4534eb40272d/Testemunhas,nao,,,,-15.930658,37.196296,509.9,1.8,nao,,,media\1508920055165.jpg,25/10/2017 10:24,uuid:e13c5741-5663-42a9-924f-4534eb40272d,parcelas_AS040003_008918,uuid:e13c5741-5663-42a9-924f-4534eb40272d
25/10/2017 17:42,25/10/2017 07:54,Registo de parcelas - CDUATs,,Rito_Roaneque,25-Oct-17,P04,D0406,PA040601,AS040003,8921,8921,hera,,nao,,,nao,,,expl_fam,agric habit,agric,,prop,,sing,1,nao,1,uuid:4a64216c-f82c-4098-b321-8bc7359feec8/Titulares,,,,,,,nao,,,,1,1,uuid:4a64216c-f82c-4098-b321-8bc7359feec8/Testemunhas,nao,,,,-15.947898,37.207745,455.5,1.8,nao,,,media\1508926550924.jpg,25/10/2017 10:22,uuid:4a64216c-f82c-4098-b321-8bc7359feec8,parcelas_AS040003_008921,uuid:4a64216c-f82c-4098-b321-8bc7359feec8
25/10/2017 17:42,25/10/2017 09:20,Registo de parcelas - CDUATs,,Rito_Roaneque,25-Oct-17,P04,D0406,PA040601,AS040003,8920,8920,hera,,nao,,,nao,,,expl_fam,agric habit,agric,,prop,,sing,1,nao,1,uuid:0cb2d9f5-2641-493e-aeda-5809cdeeb7b4/Titulares,,,,,,,nao,,,,1,1,uuid:0cb2d9f5-2641-493e-aeda-5809cdeeb7b4/Testemunhas,nao,,,,-15.947511,37.204373,463.8,1.5,nao,,,media\1508926959688.jpg,25/10/2017 09:22,uuid:0cb2d9f5-2641-493e-aeda-5809cdeeb7b4,parcelas_AS040003_008920,uuid:0cb2d9f5-2641-493e-aeda-5809cdeeb7b4
25/10/2017 17:42,25/10/2017 09:28,Registo de parcelas - CDUATs,,Rito_Roaneque,25-Oct-17,P04,D0406,PA040601,AS040003,8919,8919,hera,,nao,,,nao,,,expl_fam,agric,agric,,prop,,sing,1,nao,1,uuid:6f476bdb-2025-4215-80df-01d271e97d2d/Titulares,,,,,,,nao,,,,1,1,uuid:6f476bdb-2025-4215-80df-01d271e97d2d/Testemunhas,nao,,,,-15.946487,37.203814,467.7,1.25,nao,,,media\1508927579544.jpg,25/10/2017 09:33,uuid:6f476bdb-2025-4215-80df-01d271e97d2d,parcelas_AS040003_008919,uuid:6f476bdb-2025-4215-80df-01d271e97d2d
25/10/2017 17:42,25/10/2017 09:47,Registo de parcelas - CDUATs,,Rito_Roaneque,25-Oct-17,P04,D0406,PA040601,AS040003,8923,8923,hera,,nao,,,nao,,,expl_fam,agric,agric,,prop,,sing,1,nao,1,uuid:8ef51a25-c381-4d7f-a0ee-3c3a570b1b71/Titulares,,,,,,,nao,,,,1,1,uuid:8ef51a25-c381-4d7f-a0ee-3c3a570b1b71/Testemunhas,nao,,,,-15.94546,37.20199,471.7,1.5,nao,,,media\1508928658173.jpg,25/10/2017 09:51,uuid:8ef51a25-c381-4d7f-a0ee-3c3a570b1b71,parcelas_AS040003_008923,uuid:8ef51a25-c381-4d7f-a0ee-3c3a570b1b71
25/10/2017 17:42,25/10/2017 09:51,Registo de parcelas - CDUATs,,Rito_Roaneque,25-Oct-17,P04,D0406,PA040601,AS040003,8922,8922,hera,,nao,,,nao,,,expl_fam,agric habit,agric,,prop,,sing,1,nao,1,uuid:6130fa4c-06a5-494f-af75-f192d5e5e135/Titulares,,,,,,,nao,,,,1,1,uuid:6130fa4c-06a5-494f-af75-f192d5e5e135/Testemunhas,nao,,,,-15.945768,37.202412,470.9,1.8,nao,,,media\1508928943856.jpg,25/10/2017 09:55,uuid:6130fa4c-06a5-494f-af75-f192d5e5e135,parcelas_AS040003_008922,uuid:6130fa4c-06a5-494f-af75-f192d5e5e135
25/10/2017 17:43,25/10/2017 09:57,Registo de parcelas - CDUATs,,Rito_Roaneque,25-Oct-17,P04,D0406,PA040601,AS040003,8924,8924,hera,,nao,,,nao,,,expl_fam,agric,agric,,prop,,sing,1,nao,1,uuid:0567143b-dd1e-47b2-a6c0-66a0d02bf988/Titulares,,,,,,,nao,,,,1,1,uuid:0567143b-dd1e-47b2-a6c0-66a0d02bf988/Testemunhas,nao,,,,-15.944954,37.202177,475.9,1.5,nao,,,media\1508929500035.jpg,25/10/2017 10:24,uuid:0567143b-dd1e-47b2-a6c0-66a0d02bf988,parcelas_AS040003_008924,uuid:0567143b-dd1e-47b2-a6c0-66a0d02bf988
25/10/2017 17:43,25/10/2017 10:24,Registo de parcelas - CDUATs,,Rito_Roaneque,25-Oct-17,P04,D0406,PA040601,AS040003,8930,8930,hera,,nao,,,nao,,,expl_fam,agric,agric,,prop,,sing,1,nao,1,uuid:7e7c840a-e7ce-426c-83d1-ffe1b1be266f/Titulares,,,,,,,nao,,,,2,2,uuid:7e7c840a-e7ce-426c-83d1-ffe1b1be266f/Testemunhas,sim,1,1,uuid:7e7c840a-e7ce-426c-83d1-ffe1b1be266f/Novas_pessoas1,-15.940549,37.196898,486.3,1.8,nao,,,media\1508936149757.jpg,25/10/2017 11:55,uuid:7e7c840a-e7ce-426c-83d1-ffe1b1be266f,parcelas_AS040003_008930,uuid:7e7c840a-e7ce-426c-83d1-ffe1b1be266f
25/10/2017 17:43,25/10/2017 12:01,Registo de parcelas - CDUATs,,Rito_Roaneque,25-Oct-17,P04,D0406,PA040601,AS040003,8931,8931,hera,,nao,,,nao,,,expl_fam,agric habit,agric,,prop,,sing,1,nao,1,uuid:7a50795a-d1c7-48ad-af8a-898b7d6e514f/Titulares,,,,,,,sim,1,1,uuid:7a50795a-d1c7-48ad-af8a-898b7d6e514f/Novas_pessoas,1,1,uuid:7a50795a-d1c7-48ad-af8a-898b7d6e514f/Testemunhas,nao,,,,-15.941232,37.197968,472.8,1.8,nao,,,media\1508937047920.jpg,25/10/2017 12:10,uuid:7a50795a-d1c7-48ad-af8a-898b7d6e514f,parcelas_AS040003_008931,uuid:7a50795a-d1c7-48ad-af8a-898b7d6e514f
25/10/2017 17:43,25/10/2017 12:13,Registo de parcelas - CDUATs,,Rito_Roaneque,25-Oct-17,P04,D0406,PA040601,AS040003,8932,8932,hera,,nao,,,nao,,,expl_fam,agric,agric,,prop,,sing,1,nao,1,uuid:2209b54d-7fe5-4726-be5a-9c79a9274477/Titulares,,,,,,,sim,1,1,uuid:2209b54d-7fe5-4726-be5a-9c79a9274477/Novas_pessoas,1,1,uuid:2209b54d-7fe5-4726-be5a-9c79a9274477/Testemunhas,nao,,,,-15.940497,37.198349,470.3,1.8,nao,,,media\1508937801402.jpg,25/10/2017 12:23,uuid:2209b54d-7fe5-4726-be5a-9c79a9274477,parcelas_AS040003_008932,uuid:2209b54d-7fe5-4726-be5a-9c79a9274477
25/10/2017 17:43,25/10/2017 12:31,Registo de parcelas - CDUATs,,Rito_Roaneque,25-Oct-17,P04,D0406,PA040601,AS040003,8933,8933,hera,,nao,,,nao,,,expl_fam,agric,agric,,prop,,sing,1,nao,1,uuid:829012e3-3fbc-4d2e-969b-cd8f9097d37e/Titulares,,,,,,,nao,,,,1,1,uuid:829012e3-3fbc-4d2e-969b-cd8f9097d37e/Testemunhas,nao,,,,-15.937985,37.195916,495.9,1.8,nao,,,media\1508938516172.jpg,25/10/2017 12:35,uuid:829012e3-3fbc-4d2e-969b-cd8f9097d37e,parcelas_AS040003_008933,uuid:829012e3-3fbc-4d2e-969b-cd8f9097d37e
25/10/2017 17:43,25/10/2017 12:41,Registo de parcelas - CDUATs,,Rito_Roaneque,25-Oct-17,P04,D0406,PA040601,AS040003,8935,8935,hera,,nao,,,nao,,,expl_fam,agric habit,agric,,prop,,sing,1,nao,1,uuid:2eebcf71-da60-4058-94ff-0fc8c81e4804/Titulares,,,,,,,nao,,,,1,1,uuid:2eebcf71-da60-4058-94ff-0fc8c81e4804/Testemunhas,nao,,,,-15.937283,37.200721,480.4,1.8,nao,,,media\1508939081083.jpg,25/10/2017 12:44,uuid:2eebcf71-da60-4058-94ff-0fc8c81e4804,parcelas_AS040003_008935,uuid:2eebcf71-da60-4058-94ff-0fc8c81e4804
25/10/2017 17:43,25/10/2017 12:48,Registo de parcelas - CDUATs,,Rito_Roaneque,25-Oct-17,P04,D0406,PA040601,AS040003,8934,8934,hera,,nao,,,nao,,,expl_fam,agric habit,agric,,prop,,sing,1,nao,1,uuid:47594e04-18de-4401-99d4-d881a0a728f9/Titulares,,,,,,,nao,,,,1,1,uuid:47594e04-18de-4401-99d4-d881a0a728f9/Testemunhas,nao,,,,-15.934708,37.200093,485,1.8,nao,,,media\1508939449743.jpg,25/10/2017 12:50,uuid:47594e04-18de-4401-99d4-d881a0a728f9,parcelas_AS040003_008934,uuid:47594e04-18de-4401-99d4-d881a0a728f9
25/10/2017 19:29,25/10/2017 08:50,Registo de parcelas - CDUATs,,Sama_Vicente,25-Oct-17,P04,D0406,PA040601,AS040003,8914,8914,hera,,nao,,,nao,,,expl_fam,agric,agric,,prop,,sing,1,nao,1,uuid:f9680bb6-b709-4051-b82f-febee653a83c/Titulares,,,,,,,nao,,,,2,2,uuid:f9680bb6-b709-4051-b82f-febee653a83c/Testemunhas,nao,,,,-15.943416,37.20848,468.2,1.5,nao,,,media\1508925307718.jpg,25/10/2017 08:55,uuid:f9680bb6-b709-4051-b82f-febee653a83c,parcelas_AS040003_008914,uuid:f9680bb6-b709-4051-b82f-febee653a83c
25/10/2017 19:29,25/10/2017 08:58,Registo de parcelas - CDUATs,,Sama_Vicente,25-Oct-17,P04,D0406,PA040601,AS040003,8925,8925,hera,,nao,,,nao,,,expl_fam,agric habit,agric,,prop,,sing,1,nao,1,uuid:0b24ea73-b0bd-4237-b953-b735fadf13e7/Titulares,,,,,,,nao,,,,2,2,uuid:0b24ea73-b0bd-4237-b953-b735fadf13e7/Testemunhas,nao,,,,-15.94262,37.209184,462.6,1.5,nao,,,media\1508925668916.jpg,25/10/2017 09:01,uuid:0b24ea73-b0bd-4237-b953-b735fadf13e7,parcelas_AS040003_008925,uuid:0b24ea73-b0bd-4237-b953-b735fadf13e7
25/10/2017 19:29,25/10/2017 09:05,Registo de parcelas - CDUATs,,Sama_Vicente,25-Oct-17,P04,D0406,PA040601,AS040003,8926,8926,hera,,nao,,,nao,,,expl_fam,agric habit,agric,,prop,,sing,1,nao,1,uuid:1bcefe49-7e28-433f-a5d9-bf56a4c161b6/Titulares,,,,,,,nao,,,,2,2,uuid:1bcefe49-7e28-433f-a5d9-bf56a4c161b6/Testemunhas,nao,,,,-15.942436,37.210523,458.4,1.5,nao,,,media\1508926124443.jpg,25/10/2017 09:08,uuid:1bcefe49-7e28-433f-a5d9-bf56a4c161b6,parcelas_AS040003_008926,uuid:1bcefe49-7e28-433f-a5d9-bf56a4c161b6
25/10/2017 19:29,25/10/2017 09:12,Registo de parcelas - CDUATs,,Sama_Vicente,25-Oct-17,P04,D0406,PA040601,AS040003,8927,8927,hera,,nao,,,nao,,,expl_fam,agric habit,agric,,prop,,sing,1,nao,1,uuid:1de7a8b9-1da0-46ef-8024-112d88fac8f5/Titulares,,,,,,,nao,,,,2,2,uuid:1de7a8b9-1da0-46ef-8024-112d88fac8f5/Testemunhas,nao,,,,-15.943469,37.211017,452.6,1.5,nao,,,media\1508926646117.jpg,25/10/2017 09:17,uuid:1de7a8b9-1da0-46ef-8024-112d88fac8f5,parcelas_AS040003_008927,uuid:1de7a8b9-1da0-46ef-8024-112d88fac8f5
25/10/2017 19:29,25/10/2017 09:20,Registo de parcelas - CDUATs,,Sama_Vicente,25-Oct-17,P04,D0406,PA040601,AS040003,8928,8928,hera,,nao,,,nao,,,expl_fam,agric habit,agric,,prop,,sing,1,nao,1,uuid:a82f9028-540b-4762-97b8-a76841da7109/Titulares,,,,,,,nao,,,,2,2,uuid:a82f9028-540b-4762-97b8-a76841da7109/Testemunhas,nao,,,,-15.94399,37.210188,456.4,1.8,nao,,,media\1508927037939.jpg,25/10/2017 09:24,uuid:a82f9028-540b-4762-97b8-a76841da7109,parcelas_AS040003_008928,uuid:a82f9028-540b-4762-97b8-a76841da7109
25/10/2017 19:29,25/10/2017 09:31,Registo de parcelas - CDUATs,,Sama_Vicente,25-Oct-17,P04,D0406,PA040601,AS040003,8929,8929,hera,,nao,,,nao,,,expl_fam,agric habit,agric,,prop,,sing,1,nao,1,uuid:bbed6923-14ae-448f-be33-8cecb9ca940f/Titulares,,,,,,,nao,,,,1,1,uuid:bbed6923-14ae-448f-be33-8cecb9ca940f/Testemunhas,nao,,,,-15.942577,37.218076,462.3,1.5,nao,,,media\1508927672560.jpg,25/10/2017 09:34,uuid:bbed6923-14ae-448f-be33-8cecb9ca940f,parcelas_AS040003_008929,uuid:bbed6923-14ae-448f-be33-8cecb9ca940f
25/10/2017 19:29,25/10/2017 11:56,Registo de parcelas - CDUATs,,Sama_Vicente,25-Oct-17,P04,D0406,PA040601,AS040003,8936,8936,hera,,nao,,,nao,,,expl_fam,agric habit,agric,,prop,,sing,1,nao,1,uuid:e2def91f-ddff-4e8c-8710-531f7ec1f2f0/Titulares,,,,,,,nao,,,,1,1,uuid:e2def91f-ddff-4e8c-8710-531f7ec1f2f0/Testemunhas,nao,,,,-15.938439,37.190164,479.4,1.8,nao,,,media\1508936377244.jpg,25/10/2017 11:59,uuid:e2def91f-ddff-4e8c-8710-531f7ec1f2f0,parcelas_AS040003_008936,uuid:e2def91f-ddff-4e8c-8710-531f7ec1f2f0
26/10/2017 15:43,26/10/2017 09:31,Registo de parcelas - CDUATs,,Rito_Roaneque,26-Oct-17,P04,D0406,PA040601,AS040003,8950,8950,hera,,nao,,,nao,,,expl_fam,agric,agric,,prop,,sing,1,nao,1,uuid:f4180684-048c-4c07-9c40-0c444b3a1126/Titulares,,,,,,,nao,,,,1,1,uuid:f4180684-048c-4c07-9c40-0c444b3a1126/Testemunhas,nao,,,,-15.945423,37.212588,436.3,1.8,nao,,,media\1509014128051.jpg,26/10/2017 09:35,uuid:f4180684-048c-4c07-9c40-0c444b3a1126,parcelas_AS040003_008950,uuid:f4180684-048c-4c07-9c40-0c444b3a1126
26/10/2017 15:43,26/10/2017 09:43,Registo de parcelas - CDUATs,,Rito_Roaneque,26-Oct-17,P04,D0406,PA040601,AS040003,8949,8949,hera,,nao,,,nao,,,expl_fam,agric habit,agric,,prop,,sing,1,nao,1,uuid:5edb933a-35c6-4bd9-ab3d-801fcf6f95b3/Titulares,,,,,,,nao,,,,1,1,uuid:5edb933a-35c6-4bd9-ab3d-801fcf6f95b3/Testemunhas,nao,,,,-15.944685,37.209624,457.2,1.8,nao,,,media\1509014769146.jpg,26/10/2017 09:46,uuid:5edb933a-35c6-4bd9-ab3d-801fcf6f95b3,parcelas_AS040003_008949,uuid:5edb933a-35c6-4bd9-ab3d-801fcf6f95b3
26/10/2017 15:43,26/10/2017 09:54,Registo de parcelas - CDUATs,,Rito_Roaneque,26-Oct-17,P04,D0406,PA040601,AS040003,8947,8947,hera,,nao,,,nao,,,expl_fam,agric,agric,,prop,,sing,1,nao,1,uuid:b4e5ee79-188e-41c6-ac06-1162b2e4ae8d/Titulares,,,,,,,nao,,,,1,1,uuid:b4e5ee79-188e-41c6-ac06-1162b2e4ae8d/Testemunhas,nao,,,,-15.942528,37.207403,462.5,1.8,nao,,,media\1509015431675.jpg,26/10/2017 09:57,uuid:b4e5ee79-188e-41c6-ac06-1162b2e4ae8d,parcelas_AS040003_008947,uuid:b4e5ee79-188e-41c6-ac06-1162b2e4ae8d
26/10/2017 15:43,26/10/2017 10:01,Registo de parcelas - CDUATs,,Rito_Roaneque,26-Oct-17,P04,D0406,PA040601,AS040003,8937,8937,hera,,nao,,,nao,,,expl_fam,agric,agric,,prop,,sing,1,nao,1,uuid:ef65bff7-5189-4960-a408-b2fd6fd26d4c/Titulares,,,,,,,nao,,,,1,1,uuid:ef65bff7-5189-4960-a408-b2fd6fd26d4c/Testemunhas,nao,,,,-15.942419,37.203686,479.4,1.8,nao,,,media\1509016474232.jpg,26/10/2017 10:14,uuid:ef65bff7-5189-4960-a408-b2fd6fd26d4c,parcelas_AS040003_008937,uuid:ef65bff7-5189-4960-a408-b2fd6fd26d4c
26/10/2017 15:43,26/10/2017 10:49,Registo de parcelas - CDUATs,,Rito_Roaneque,26-Oct-17,P04,D0406,PA040601,AS040003,8938,8938,hera,,nao,,,nao,,,expl_fam,agric,agric,,prop,,sing,1,nao,1,uuid:528db08d-9ece-4923-b21c-ab8be5d686e5/Titulares,,,,,,,nao,,,,1,1,uuid:528db08d-9ece-4923-b21c-ab8be5d686e5/Testemunhas,nao,,,,-15.933425,37.199134,488.1,1.8,nao,,,media\1509018684267.jpg,26/10/2017 10:51,uuid:528db08d-9ece-4923-b21c-ab8be5d686e5,parcelas_AS040003_008938,uuid:528db08d-9ece-4923-b21c-ab8be5d686e5
26/10/2017 15:43,26/10/2017 10:54,Registo de parcelas - CDUATs,,Rito_Roaneque,26-Oct-17,P04,D0406,PA040601,AS040003,8939,8939,hera,,nao,,,nao,,,expl_fam,agric,agric,,prop,,sing,1,nao,1,uuid:3d626529-f2a4-45da-9d25-58c043da0426/Titulares,,,,,,,nao,,,,1,1,uuid:3d626529-f2a4-45da-9d25-58c043da0426/Testemunhas,nao,,,,-15.931006,37.197927,493.7,1.8,nao,,,media\1509019070559.jpg,26/10/2017 10:57,uuid:3d626529-f2a4-45da-9d25-58c043da0426,parcelas_AS040003_008939,uuid:3d626529-f2a4-45da-9d25-58c043da0426
26/10/2017 15:43,26/10/2017 11:01,Registo de parcelas - CDUATs,,Rito_Roaneque,26-Oct-17,P04,D0406,PA040601,AS040003,8940,8940,hera,,nao,,,nao,,,expl_fam,agric habit,agric,,prop,,sing,1,nao,1,uuid:ef8bba3c-abed-4e02-b48a-94e7cb1efd29/Titulares,,,,,,,sim,1,1,uuid:ef8bba3c-abed-4e02-b48a-94e7cb1efd29/Novas_pessoas,1,1,uuid:ef8bba3c-abed-4e02-b48a-94e7cb1efd29/Testemunhas,nao,,,,-15.932427,37.197163,492.5,1.8,nao,,,media\1509019970952.jpg,26/10/2017 11:12,uuid:ef8bba3c-abed-4e02-b48a-94e7cb1efd29,parcelas_AS040003_008940,uuid:ef8bba3c-abed-4e02-b48a-94e7cb1efd29
26/10/2017 15:43,26/10/2017 11:23,Registo de parcelas - CDUATs,,Rito_Roaneque,26-Oct-17,P04,D0406,PA040601,AS040003,8941,8941,hera,,nao,,,nao,,,expl_fam,agric habit,agric,,prop,,sing,1,nao,1,uuid:caa3c177-e9c0-4512-a446-0b05bbeaa2c9/Titulares,,,,,,,sim,1,1,uuid:caa3c177-e9c0-4512-a446-0b05bbeaa2c9/Novas_pessoas,1,1,uuid:caa3c177-e9c0-4512-a446-0b05bbeaa2c9/Testemunhas,nao,,,,-15.936106,37.201518,477.6,1.8,nao,,,media\1509021183429.jpg,26/10/2017 11:35,uuid:caa3c177-e9c0-4512-a446-0b05bbeaa2c9,parcelas_AS040003_008941,uuid:caa3c177-e9c0-4512-a446-0b05bbeaa2c9
26/10/2017 15:43,26/10/2017 11:49,Registo de parcelas - CDUATs,,Rito_Roaneque,26-Oct-17,P04,D0406,PA040601,AS040003,8943,8943,hera,,nao,,,nao,,,expl_fam,agric habit,agric,,prop,,sing,2,nao,2,uuid:04d93cd0-6690-4f7e-b766-72fab1b573b7/Titulares,,,,,,,sim,2,2,uuid:04d93cd0-6690-4f7e-b766-72fab1b573b7/Novas_pessoas,1,1,uuid:04d93cd0-6690-4f7e-b766-72fab1b573b7/Testemunhas,nao,,,,-15.938115,37.20122,481.9,2.1,nao,,,media\1509023139626.jpg,26/10/2017 12:05,uuid:04d93cd0-6690-4f7e-b766-72fab1b573b7,parcelas_AS040003_008943,uuid:04d93cd0-6690-4f7e-b766-72fab1b573b7
26/10/2017 15:43,26/10/2017 12:08,Registo de parcelas - CDUATs,,Rito_Roaneque,26-Oct-17,P04,D0406,PA040601,AS040003,8946,8946,hera,,nao,,,nao,,,expl_fam,agric habit,agric,,prop,,sing,2,nao,2,uuid:9ce94007-6831-4446-a7bb-552e64e85716/Titulares,,,,,,,sim,2,2,uuid:9ce94007-6831-4446-a7bb-552e64e85716/Novas_pessoas,1,1,uuid:9ce94007-6831-4446-a7bb-552e64e85716/Testemunhas,nao,,,,-15.938536,37.201204,482.8,1.8,nao,,,media\1509024118690.jpg,26/10/2017 12:22,uuid:9ce94007-6831-4446-a7bb-552e64e85716,parcelas_AS040003_008946,uuid:9ce94007-6831-4446-a7bb-552e64e85716
26/10/2017 15:43,26/10/2017 12:28,Registo de parcelas - CDUATs,,Rito_Roaneque,26-Oct-17,P04,D0406,PA040601,AS040003,8942,8942,hera,,nao,,,nao,,,expl_fam,agric habit,agric,,prop,,sing,1,nao,1,uuid:489c4120-96a3-4a8c-a586-7132a79b3f33/Titulares,,,,,,,sim,1,1,uuid:489c4120-96a3-4a8c-a586-7132a79b3f33/Novas_pessoas,1,1,uuid:489c4120-96a3-4a8c-a586-7132a79b3f33/Testemunhas,nao,,,,-15.939196,37.200479,476.9,1.8,nao,,,media\1509024914986.jpg,26/10/2017 12:35,uuid:489c4120-96a3-4a8c-a586-7132a79b3f33,parcelas_AS040003_008942,uuid:489c4120-96a3-4a8c-a586-7132a79b3f33
26/10/2017 15:43,26/10/2017 12:49,Registo de parcelas - CDUATs,,Rito_Roaneque,26-Oct-17,P04,D0406,PA040601,AS040003,8944,8944,hera,,nao,,,nao,,,expl_fam,agric habit,agric,,prop,,sing,1,nao,1,uuid:3c5bf28d-9484-4d8c-8ee9-c5c7014b4509/Titulares,,,,,,,sim,1,1,uuid:3c5bf28d-9484-4d8c-8ee9-c5c7014b4509/Novas_pessoas,1,1,uuid:3c5bf28d-9484-4d8c-8ee9-c5c7014b4509/Testemunhas,nao,,,,-15.936051,37.206568,470.2,1.8,nao,,,media\1509026201138.jpg,26/10/2017 12:56,uuid:3c5bf28d-9484-4d8c-8ee9-c5c7014b4509,parcelas_AS040003_008944,uuid:3c5bf28d-9484-4d8c-8ee9-c5c7014b4509
26/10/2017 15:43,26/10/2017 13:05,Registo de parcelas - CDUATs,,Rito_Roaneque,26-Oct-17,P04,D0406,PA040601,AS040003,8945,8945,hera,,nao,,,nao,,,expl_fam,agric habit,agric,,prop,,sing,1,nao,1,uuid:7f51fb37-066f-40f3-8107-cafa97a62a53/Titulares,,,,,,,sim,1,1,uuid:7f51fb37-066f-40f3-8107-cafa97a62a53/Novas_pessoas,1,1,uuid:7f51fb37-066f-40f3-8107-cafa97a62a53/Testemunhas,nao,,,,-15.938261,37.204672,488.6,1.8,nao,,,media\1509027079722.jpg,26/10/2017 13:11,uuid:7f51fb37-066f-40f3-8107-cafa97a62a53,parcelas_AS040003_008945,uuid:7f51fb37-066f-40f3-8107-cafa97a62a53
26/10/2017 15:43,26/10/2017 13:20,Registo de parcelas - CDUATs,,Rito_Roaneque,26-Oct-17,P04,D0406,PA040601,AS040003,8948,8948,hera,,nao,,,nao,,,expl_fam,agric,agric,,prop,,sing,1,nao,1,uuid:fe19020c-d936-4cc4-b315-35bd66cd4ea0/Titulares,,,,,,,sim,1,1,uuid:fe19020c-d936-4cc4-b315-35bd66cd4ea0/Novas_pessoas,1,1,uuid:fe19020c-d936-4cc4-b315-35bd66cd4ea0/Testemunhas,nao,,,,-15.942152,37.206005,473.2,1.8,nao,,,media\1509027980429.jpg,26/10/2017 13:30,uuid:fe19020c-d936-4cc4-b315-35bd66cd4ea0,parcelas_AS040003_008948,uuid:fe19020c-d936-4cc4-b315-35bd66cd4ea0
